Origin,OriginState,Dest,DestState,CRSElapsedTime
ABE,PA,ATL,GA,129.0
ABE,PA,CLT,NC,110.0
ABE,PA,ORD,IL,137.0
ABE,PA,SFB,FL,140.0
ABI,TX,DFW,TX,60.0
ABQ,NM,ATL,GA,187.0
ABQ,NM,AUS,TX,108.0
ABQ,NM,BUR,CA,115.0
ABQ,NM,DAL,TX,105.0
ABQ,NM,DEN,CO,82.0
ABQ,NM,DFW,TX,111.0
ABQ,NM,HOU,TX,125.0
ABQ,NM,IAH,TX,128.0
ABQ,NM,JFK,NY,249.0
ABQ,NM,LAS,NV,91.0
ABQ,NM,LAX,CA,124.0
ABQ,NM,MCI,MO,115.0
ABQ,NM,MDW,IL,165.0
ABQ,NM,MSP,MN,151.0
ABQ,NM,OAK,CA,140.0
ABQ,NM,ORD,IL,176.0
ABQ,NM,PHX,AZ,80.0
ABQ,NM,SAN,CA,105.0
ABQ,NM,SEA,WA,190.0
ABQ,NM,SFO,CA,148.0
ABQ,NM,SLC,UT,99.0
ABR,SD,MSP,MN,72.0
ABY,GA,ATL,GA,71.0
ACK,MA,BOS,MA,51.0
ACK,MA,DCA,VA,99.0
ACK,MA,EWR,NJ,91.0
ACK,MA,HPN,NY,63.0
ACK,MA,JFK,NY,73.0
ACK,MA,LGA,NY,85.0
ACK,MA,PHL,PA,87.0
ACT,TX,DFW,TX,58.0
ACV,CA,DEN,CO,155.0
ACV,CA,LAX,CA,113.0
ACV,CA,SFO,CA,68.0
ACY,NJ,FLL,FL,161.0
ACY,NJ,MCO,FL,146.0
ACY,NJ,MYR,SC,84.0
ACY,NJ,PBI,FL,153.0
ACY,NJ,RSW,FL,156.0
ACY,NJ,TPA,FL,145.0
ADQ,AK,ANC,AK,60.0
AEX,LA,ATL,GA,108.0
AEX,LA,DFW,TX,83.0
AGS,GA,ATL,GA,65.0
AGS,GA,CLT,NC,66.0
AGS,GA,DCA,VA,98.0
AGS,GA,DFW,TX,157.0
AKN,AK,ANC,AK,64.0
ALB,NY,ATL,GA,149.0
ALB,NY,BWI,MD,79.0
ALB,NY,CLT,NC,128.0
ALB,NY,DCA,VA,90.0
ALB,NY,DEN,CO,245.0
ALB,NY,DTW,MI,104.0
ALB,NY,EWR,NJ,75.0
ALB,NY,FLL,FL,196.0
ALB,NY,IAD,VA,93.0
ALB,NY,LGA,NY,60.0
ALB,NY,MCO,FL,178.0
ALB,NY,MDW,IL,128.0
ALB,NY,ORD,IL,146.0
ALB,NY,PHL,PA,72.0
ALO,IA,ORD,IL,74.0
ALW,WA,SEA,WA,73.0
AMA,TX,AUS,TX,80.0
AMA,TX,DAL,TX,75.0
AMA,TX,DEN,CO,92.0
AMA,TX,DFW,TX,79.0
AMA,TX,IAH,TX,110.0
AMA,TX,LAS,NV,125.0
ANC,AK,ADQ,AK,59.0
ANC,AK,AKN,AK,70.0
ANC,AK,ATL,GA,416.0
ANC,AK,BET,AK,78.0
ANC,AK,BRW,AK,114.0
ANC,AK,CDV,AK,55.0
ANC,AK,DEN,CO,318.0
ANC,AK,DFW,TX,390.0
ANC,AK,DLG,AK,72.0
ANC,AK,EWR,NJ,422.0
ANC,AK,FAI,AK,61.0
ANC,AK,HNL,HI,364.0
ANC,AK,IAH,TX,409.0
ANC,AK,JNU,AK,98.0
ANC,AK,LAX,CA,324.0
ANC,AK,MSP,MN,318.0
ANC,AK,OME,AK,94.0
ANC,AK,ORD,IL,371.0
ANC,AK,OTZ,AK,95.0
ANC,AK,PAE,WA,200.0
ANC,AK,PDX,OR,218.0
ANC,AK,SCC,AK,101.0
ANC,AK,SEA,WA,211.0
ANC,AK,SFO,CA,282.0
ART,NY,PHL,PA,74.0
ASE,CO,AUS,TX,137.0
ASE,CO,DEN,CO,67.0
ASE,CO,DFW,TX,138.0
ASE,CO,IAH,TX,159.0
ASE,CO,LAX,CA,139.0
ASE,CO,ORD,IL,172.0
ASE,CO,SFO,CA,145.0
ATL,GA,ABE,PA,130.0
ATL,GA,ABQ,NM,188.0
ATL,GA,ABY,GA,63.0
ATL,GA,AEX,LA,106.0
ATL,GA,AGS,GA,63.0
ATL,GA,ALB,NY,140.0
ATL,GA,ANC,AK,472.0
ATL,GA,ATW,WI,132.0
ATL,GA,AUS,TX,140.0
ATL,GA,AVL,NC,56.0
ATL,GA,BDL,CT,141.0
ATL,GA,BHM,AL,53.0
ATL,GA,BMI,IL,108.0
ATL,GA,BNA,TN,68.0
ATL,GA,BOI,ID,261.0
ATL,GA,BOS,MA,162.0
ATL,GA,BQK,GA,78.0
ATL,GA,BTR,LA,91.0
ATL,GA,BTV,VT,157.0
ATL,GA,BUF,NY,125.0
ATL,GA,BWI,MD,111.0
ATL,GA,BZN,MT,244.0
ATL,GA,CAE,SC,64.0
ATL,GA,CHA,TN,55.0
ATL,GA,CHO,VA,101.0
ATL,GA,CHS,SC,73.0
ATL,GA,CID,IA,125.0
ATL,GA,CLE,OH,106.0
ATL,GA,CLT,NC,78.0
ATL,GA,CMH,OH,93.0
ATL,GA,COS,CO,190.0
ATL,GA,CRW,WV,90.0
ATL,GA,CSG,GA,52.0
ATL,GA,CVG,KY,88.0
ATL,GA,DAB,FL,83.0
ATL,GA,DAL,TX,131.0
ATL,GA,DAY,OH,90.0
ATL,GA,DCA,VA,112.0
ATL,GA,DEN,CO,194.0
ATL,GA,DFW,TX,140.0
ATL,GA,DHN,AL,62.0
ATL,GA,DSM,IA,130.0
ATL,GA,DTW,MI,117.0
ATL,GA,ECP,FL,66.0
ATL,GA,ELP,TX,182.0
ATL,GA,EVV,IN,84.0
ATL,GA,EWR,NJ,138.0
ATL,GA,EYW,FL,117.0
ATL,GA,FAY,NC,80.0
ATL,GA,FLL,FL,116.0
ATL,GA,FSD,SD,156.0
ATL,GA,FWA,IN,103.0
ATL,GA,GEG,WA,269.0
ATL,GA,GNV,FL,72.0
ATL,GA,GPT,MS,80.0
ATL,GA,GRB,WI,128.0
ATL,GA,GRR,MI,113.0
ATL,GA,GSO,NC,79.0
ATL,GA,GSP,SC,60.0
ATL,GA,GTR,MS,72.0
ATL,GA,HHH,SC,78.0
ATL,GA,HNL,HI,565.0
ATL,GA,HOU,TX,124.0
ATL,GA,HPN,NY,145.0
ATL,GA,HSV,AL,60.0
ATL,GA,IAD,VA,109.0
ATL,GA,IAH,TX,128.0
ATL,GA,ICT,KS,131.0
ATL,GA,ILM,NC,86.0
ATL,GA,IND,IN,93.0
ATL,GA,JAC,WY,238.0
ATL,GA,JAN,MS,77.0
ATL,GA,JAX,FL,71.0
ATL,GA,JFK,NY,148.0
ATL,GA,LAS,NV,252.0
ATL,GA,LAX,CA,277.0
ATL,GA,LEX,KY,76.0
ATL,GA,LFT,LA,105.0
ATL,GA,LGA,NY,140.0
ATL,GA,LIT,AR,91.0
ATL,GA,MCI,MO,126.0
ATL,GA,MCO,FL,92.0
ATL,GA,MDT,PA,114.0
ATL,GA,MDW,IL,115.0
ATL,GA,MEM,TN,80.0
ATL,GA,MGM,AL,62.0
ATL,GA,MIA,FL,119.0
ATL,GA,MKE,WI,122.0
ATL,GA,MLB,FL,93.0
ATL,GA,MLI,IL,122.0
ATL,GA,MLU,LA,100.0
ATL,GA,MOB,AL,82.0
ATL,GA,MSN,WI,122.0
ATL,GA,MSP,MN,156.0
ATL,GA,MSY,LA,91.0
ATL,GA,MYR,SC,76.0
ATL,GA,OAJ,NC,89.0
ATL,GA,OKC,OK,128.0
ATL,GA,OMA,NE,140.0
ATL,GA,ONT,CA,262.0
ATL,GA,ORD,IL,130.0
ATL,GA,ORF,VA,102.0
ATL,GA,PBI,FL,109.0
ATL,GA,PDX,OR,307.0
ATL,GA,PHL,PA,126.0
ATL,GA,PHX,AZ,234.0
ATL,GA,PIT,PA,104.0
ATL,GA,PNS,FL,72.0
ATL,GA,PVD,RI,151.0
ATL,GA,PWM,ME,159.0
ATL,GA,RDU,NC,87.0
ATL,GA,RIC,VA,96.0
ATL,GA,ROA,VA,88.0
ATL,GA,ROC,NY,128.0
ATL,GA,RSW,FL,104.0
ATL,GA,SAN,CA,266.0
ATL,GA,SAT,TX,144.0
ATL,GA,SAV,GA,67.0
ATL,GA,SBN,IN,112.0
ATL,GA,SDF,KY,82.0
ATL,GA,SEA,WA,325.0
ATL,GA,SFO,CA,305.0
ATL,GA,SGF,MO,108.0
ATL,GA,SHV,LA,113.0
ATL,GA,SJC,CA,296.0
ATL,GA,SLC,UT,242.0
ATL,GA,SMF,CA,293.0
ATL,GA,SNA,CA,272.0
ATL,GA,SRQ,FL,93.0
ATL,GA,STL,MO,98.0
ATL,GA,SYR,NY,133.0
ATL,GA,TLH,FL,64.0
ATL,GA,TPA,FL,88.0
ATL,GA,TRI,TN,76.0
ATL,GA,TTN,NJ,132.0
ATL,GA,TUL,OK,116.0
ATL,GA,TUS,AZ,218.0
ATL,GA,TYS,TN,58.0
ATL,GA,VLD,GA,66.0
ATL,GA,VPS,FL,72.0
ATL,GA,XNA,AR,111.0
ATW,WI,ATL,GA,131.0
ATW,WI,DEN,CO,159.0
ATW,WI,DTW,MI,82.0
ATW,WI,MSP,MN,77.0
ATW,WI,ORD,IL,72.0
AUS,TX,ABQ,NM,109.0
AUS,TX,AMA,TX,80.0
AUS,TX,ASE,CO,163.0
AUS,TX,ATL,GA,139.0
AUS,TX,BNA,TN,127.0
AUS,TX,BOS,MA,248.0
AUS,TX,BUR,CA,180.0
AUS,TX,BWI,MD,197.0
AUS,TX,CHS,SC,155.0
AUS,TX,CLT,NC,171.0
AUS,TX,CMH,OH,160.0
AUS,TX,CVG,KY,158.0
AUS,TX,DAL,TX,63.0
AUS,TX,DCA,VA,195.0
AUS,TX,DEN,CO,135.0
AUS,TX,DFW,TX,72.0
AUS,TX,DTW,MI,182.0
AUS,TX,ECP,FL,115.0
AUS,TX,ELP,TX,91.0
AUS,TX,EWR,NJ,231.0
AUS,TX,FLL,FL,171.0
AUS,TX,HOU,TX,55.0
AUS,TX,HRL,TX,65.0
AUS,TX,IAD,VA,196.0
AUS,TX,IAH,TX,62.0
AUS,TX,IND,IN,147.0
AUS,TX,JAX,FL,153.0
AUS,TX,JFK,NY,241.0
AUS,TX,LAS,NV,166.0
AUS,TX,LAX,CA,188.0
AUS,TX,LBB,TX,70.0
AUS,TX,LGB,CA,175.0
AUS,TX,MAF,TX,60.0
AUS,TX,MCI,MO,111.0
AUS,TX,MCO,FL,163.0
AUS,TX,MDW,IL,154.0
AUS,TX,MEM,TN,103.0
AUS,TX,MIA,FL,176.0
AUS,TX,MSP,MN,166.0
AUS,TX,MSY,LA,84.0
AUS,TX,OAK,CA,215.0
AUS,TX,OKC,OK,76.0
AUS,TX,ONT,CA,165.0
AUS,TX,ORD,IL,169.0
AUS,TX,PDX,OR,247.0
AUS,TX,PHL,PA,214.0
AUS,TX,PHX,AZ,142.0
AUS,TX,RDU,NC,176.0
AUS,TX,RNO,NV,209.0
AUS,TX,SAN,CA,167.0
AUS,TX,SEA,WA,264.0
AUS,TX,SFO,CA,223.0
AUS,TX,SJC,CA,212.0
AUS,TX,SLC,UT,173.0
AUS,TX,SMF,CA,217.0
AUS,TX,SNA,CA,180.0
AUS,TX,STL,MO,123.0
AUS,TX,TPA,FL,148.0
AUS,TX,TUL,OK,83.0
AUS,TX,VPS,FL,117.0
AVL,NC,ATL,GA,57.0
AVL,NC,BOS,MA,145.0
AVL,NC,CLT,NC,60.0
AVL,NC,DCA,VA,88.0
AVL,NC,DFW,TX,153.0
AVL,NC,EWR,NJ,130.0
AVL,NC,FLL,FL,116.0
AVL,NC,LGA,NY,116.0
AVL,NC,MIA,FL,121.0
AVL,NC,ORD,IL,123.0
AVL,NC,PHL,PA,104.0
AVL,NC,SFB,FL,87.0
AVP,PA,CLT,NC,102.0
AVP,PA,EWR,NJ,63.0
AVP,PA,ORD,IL,137.0
AZA,AZ,BIL,MT,132.0
AZA,AZ,CID,IA,174.0
AZA,AZ,EUG,OR,151.0
AZA,AZ,FAR,ND,173.0
AZA,AZ,PVU,UT,85.0
AZA,AZ,SGF,MO,155.0
AZO,MI,DTW,MI,62.0
AZO,MI,ORD,IL,66.0
BDL,CT,ATL,GA,147.0
BDL,CT,BNA,TN,145.0
BDL,CT,BWI,MD,75.0
BDL,CT,CLT,NC,126.0
BDL,CT,DCA,VA,90.0
BDL,CT,DEN,CO,252.0
BDL,CT,DFW,TX,230.0
BDL,CT,DTW,MI,113.0
BDL,CT,FLL,FL,188.0
BDL,CT,IAD,VA,84.0
BDL,CT,LAX,CA,355.0
BDL,CT,LGA,NY,67.0
BDL,CT,MCO,FL,174.0
BDL,CT,MDW,IL,140.0
BDL,CT,MIA,FL,194.0
BDL,CT,MSP,MN,174.0
BDL,CT,MYR,SC,115.0
BDL,CT,ORD,IL,156.0
BDL,CT,PBI,FL,188.0
BDL,CT,PHL,PA,78.0
BDL,CT,RDU,NC,107.0
BDL,CT,TPA,FL,180.0
BET,AK,ANC,AK,72.0
BFF,NE,DEN,CO,69.0
BFL,CA,DEN,CO,151.0
BFL,CA,DFW,TX,195.0
BFL,CA,PHX,AZ,103.0
BFL,CA,SFO,CA,68.0
BGM,NY,LGA,NY,54.0
BGR,ME,CLT,NC,158.0
BGR,ME,DCA,VA,125.0
BGR,ME,EWR,NJ,112.0
BGR,ME,JFK,NY,108.0
BGR,ME,LGA,NY,101.0
BGR,ME,ORD,IL,182.0
BGR,ME,PHL,PA,105.0
BHM,AL,ATL,GA,69.0
BHM,AL,BWI,MD,120.0
BHM,AL,CLT,NC,96.0
BHM,AL,DAL,TX,105.0
BHM,AL,DCA,VA,128.0
BHM,AL,DEN,CO,185.0
BHM,AL,DFW,TX,123.0
BHM,AL,DTW,MI,122.0
BHM,AL,HOU,TX,100.0
BHM,AL,IAH,TX,116.0
BHM,AL,LGA,NY,153.0
BHM,AL,MCO,FL,98.0
BHM,AL,MDW,IL,105.0
BHM,AL,MIA,FL,118.0
BHM,AL,ORD,IL,133.0
BHM,AL,PHL,PA,136.0
BHM,AL,TPA,FL,85.0
BIH,CA,SFO,CA,77.0
BIL,MT,AZA,AZ,137.0
BIL,MT,DEN,CO,106.0
BIL,MT,DFW,TX,166.0
BIL,MT,MSP,MN,122.0
BIL,MT,ORD,IL,167.0
BIL,MT,SEA,WA,132.0
BIL,MT,SLC,UT,87.0
BIS,ND,DEN,CO,112.0
BIS,ND,DFW,TX,160.0
BIS,ND,MSP,MN,90.0
BLI,WA,LAS,NV,155.0
BLI,WA,OAK,CA,128.0
BLI,WA,SEA,WA,51.0
BMI,IL,ATL,GA,110.0
BMI,IL,DEN,CO,153.0
BMI,IL,DFW,TX,130.0
BMI,IL,ORD,IL,62.0
BNA,TN,ATL,GA,70.0
BNA,TN,AUS,TX,130.0
BNA,TN,BDL,CT,140.0
BNA,TN,BOS,MA,154.0
BNA,TN,BUR,CA,255.0
BNA,TN,BWI,MD,107.0
BNA,TN,CHS,SC,88.0
BNA,TN,CLE,OH,90.0
BNA,TN,CLT,NC,86.0
BNA,TN,CMH,OH,80.0
BNA,TN,DAL,TX,110.0
BNA,TN,DCA,VA,105.0
BNA,TN,DEN,CO,170.0
BNA,TN,DFW,TX,122.0
BNA,TN,DSM,IA,97.0
BNA,TN,DTW,MI,97.0
BNA,TN,ECP,FL,82.0
BNA,TN,EWR,NJ,141.0
BNA,TN,FAR,ND,144.0
BNA,TN,FLL,FL,136.0
BNA,TN,HOU,TX,122.0
BNA,TN,IAD,VA,105.0
BNA,TN,IAH,TX,130.0
BNA,TN,JAX,FL,90.0
BNA,TN,JFK,NY,157.0
BNA,TN,LAS,NV,229.0
BNA,TN,LAX,CA,260.0
BNA,TN,LGA,NY,142.0
BNA,TN,LGB,CA,250.0
BNA,TN,MCI,MO,98.0
BNA,TN,MCO,FL,116.0
BNA,TN,MDW,IL,94.0
BNA,TN,MIA,FL,138.0
BNA,TN,MKE,WI,95.0
BNA,TN,MSP,MN,129.0
BNA,TN,MSY,LA,93.0
BNA,TN,MYR,SC,88.0
BNA,TN,ORD,IL,110.0
BNA,TN,ORF,VA,105.0
BNA,TN,PHL,PA,123.0
BNA,TN,PHX,AZ,216.0
BNA,TN,PIE,FL,108.0
BNA,TN,PIT,PA,89.0
BNA,TN,PNS,FL,82.0
BNA,TN,RDU,NC,93.0
BNA,TN,RSW,FL,125.0
BNA,TN,SAN,CA,245.0
BNA,TN,SAT,TX,135.0
BNA,TN,SAV,GA,85.0
BNA,TN,SEA,WA,300.0
BNA,TN,SFO,CA,283.0
BNA,TN,SJC,CA,270.0
BNA,TN,SLC,UT,214.0
BNA,TN,SRQ,FL,115.0
BNA,TN,STL,MO,72.0
BNA,TN,TPA,FL,110.0
BNA,TN,VPS,FL,85.0
BOI,ID,ATL,GA,253.0
BOI,ID,BUR,CA,125.0
BOI,ID,DEN,CO,112.0
BOI,ID,DFW,TX,190.0
BOI,ID,GEG,WA,67.0
BOI,ID,LAS,NV,108.0
BOI,ID,LAX,CA,146.0
BOI,ID,MSP,MN,167.0
BOI,ID,OAK,CA,100.0
BOI,ID,ORD,IL,207.0
BOI,ID,PDX,OR,78.0
BOI,ID,PHX,AZ,128.0
BOI,ID,SAN,CA,139.0
BOI,ID,SEA,WA,95.0
BOI,ID,SFO,CA,113.0
BOI,ID,SJC,CA,106.0
BOI,ID,SLC,UT,72.0
BOI,ID,SMF,CA,83.0
BOS,MA,ACK,MA,52.0
BOS,MA,ATL,GA,171.0
BOS,MA,AUS,TX,260.0
BOS,MA,AVL,NC,144.0
BOS,MA,BNA,TN,170.0
BOS,MA,BUF,NY,91.0
BOS,MA,BWI,MD,98.0
BOS,MA,CHS,SC,146.0
BOS,MA,CLE,OH,127.0
BOS,MA,CLT,NC,149.0
BOS,MA,CMH,OH,133.0
BOS,MA,CVG,KY,148.0
BOS,MA,DCA,VA,108.0
BOS,MA,DEN,CO,274.0
BOS,MA,DFW,TX,250.0
BOS,MA,DTW,MI,132.0
BOS,MA,EWR,NJ,89.0
BOS,MA,FLL,FL,209.0
BOS,MA,HNL,HI,675.0
BOS,MA,HPN,NY,68.0
BOS,MA,IAD,VA,102.0
BOS,MA,IAH,TX,247.0
BOS,MA,ILM,NC,124.0
BOS,MA,IND,IN,159.0
BOS,MA,JAX,FL,177.0
BOS,MA,JFK,NY,85.0
BOS,MA,LAS,NV,350.0
BOS,MA,LAX,CA,375.0
BOS,MA,LGA,NY,88.0
BOS,MA,MCI,MO,212.0
BOS,MA,MCO,FL,194.0
BOS,MA,MDT,PA,103.0
BOS,MA,MDW,IL,155.0
BOS,MA,MEM,TN,203.0
BOS,MA,MIA,FL,213.0
BOS,MA,MKE,WI,164.0
BOS,MA,MSP,MN,199.0
BOS,MA,MSY,LA,212.0
BOS,MA,MVY,MA,41.0
BOS,MA,MYR,SC,126.0
BOS,MA,ORD,IL,171.0
BOS,MA,ORF,VA,113.0
BOS,MA,PBI,FL,198.0
BOS,MA,PDX,OR,373.0
BOS,MA,PHL,PA,96.0
BOS,MA,PHX,AZ,339.0
BOS,MA,PIT,PA,115.0
BOS,MA,RDU,NC,123.0
BOS,MA,RIC,VA,112.0
BOS,MA,ROC,NY,91.0
BOS,MA,RSW,FL,212.0
BOS,MA,SAN,CA,368.0
BOS,MA,SAT,TX,257.0
BOS,MA,SAV,GA,158.0
BOS,MA,SDF,KY,164.0
BOS,MA,SEA,WA,384.0
BOS,MA,SFO,CA,394.0
BOS,MA,SJC,CA,399.0
BOS,MA,SLC,UT,328.0
BOS,MA,SMF,CA,383.0
BOS,MA,STL,MO,176.0
BOS,MA,SYR,NY,76.0
BOS,MA,TPA,FL,198.0
BOS,MA,TVC,MI,148.0
BPT,TX,DFW,TX,80.0
BQK,GA,ATL,GA,76.0
BRD,MN,MSP,MN,52.0
BRO,TX,DFW,TX,103.0
BRO,TX,IAH,TX,81.0
BRW,AK,ANC,AK,113.0
BTM,MT,SLC,UT,78.0
BTR,LA,ATL,GA,96.0
BTR,LA,CLT,NC,126.0
BTR,LA,DCA,VA,157.0
BTR,LA,DFW,TX,97.0
BTR,LA,IAH,TX,78.0
BTV,VT,ATL,GA,160.0
BTV,VT,CLT,NC,142.0
BTV,VT,DCA,VA,102.0
BTV,VT,DEN,CO,257.0
BTV,VT,DTW,MI,113.0
BTV,VT,EWR,NJ,89.0
BTV,VT,IAD,VA,98.0
BTV,VT,JFK,NY,90.0
BTV,VT,LGA,NY,86.0
BTV,VT,ORD,IL,147.0
BTV,VT,PHL,PA,84.0
BUF,NY,ATL,GA,127.0
BUF,NY,BOS,MA,90.0
BUF,NY,BWI,MD,70.0
BUF,NY,CLT,NC,109.0
BUF,NY,DCA,VA,83.0
BUF,NY,DEN,CO,212.0
BUF,NY,DFW,TX,194.0
BUF,NY,DTW,MI,67.0
BUF,NY,EWR,NJ,91.0
BUF,NY,FLL,FL,179.0
BUF,NY,IAD,VA,75.0
BUF,NY,JFK,NY,92.0
BUF,NY,LGA,NY,84.0
BUF,NY,MCO,FL,159.0
BUF,NY,MDW,IL,95.0
BUF,NY,MSP,MN,129.0
BUF,NY,ORD,IL,110.0
BUF,NY,PHL,PA,80.0
BUF,NY,RDU,NC,99.0
BUF,NY,TPA,FL,160.0
BUR,CA,ABQ,NM,120.0
BUR,CA,AUS,TX,185.0
BUR,CA,BNA,TN,250.0
BUR,CA,BOI,ID,114.0
BUR,CA,DAL,TX,190.0
BUR,CA,DEN,CO,140.0
BUR,CA,DFW,TX,200.0
BUR,CA,EUG,OR,120.0
BUR,CA,JFK,NY,332.0
BUR,CA,LAS,NV,69.0
BUR,CA,MDW,IL,238.0
BUR,CA,OAK,CA,72.0
BUR,CA,PDX,OR,134.0
BUR,CA,PHX,AZ,94.0
BUR,CA,RNO,NV,70.0
BUR,CA,SEA,WA,157.0
BUR,CA,SFO,CA,81.0
BUR,CA,SJC,CA,68.0
BUR,CA,SLC,UT,115.0
BUR,CA,SMF,CA,78.0
BWI,MD,ALB,NY,74.0
BWI,MD,ATL,GA,114.0
BWI,MD,AUS,TX,203.0
BWI,MD,BDL,CT,75.0
BWI,MD,BHM,AL,115.0
BWI,MD,BNA,TN,113.0
BWI,MD,BOS,MA,91.0
BWI,MD,BUF,NY,72.0
BWI,MD,CHS,SC,97.0
BWI,MD,CLE,OH,75.0
BWI,MD,CLT,NC,92.0
BWI,MD,CMH,OH,77.0
BWI,MD,CVG,KY,92.0
BWI,MD,DAL,TX,183.0
BWI,MD,DEN,CO,230.0
BWI,MD,DFW,TX,197.0
BWI,MD,DTW,MI,92.0
BWI,MD,FLL,FL,154.0
BWI,MD,GRR,MI,95.0
BWI,MD,GSP,SC,85.0
BWI,MD,HOU,TX,189.0
BWI,MD,IAH,TX,193.0
BWI,MD,IND,IN,101.0
BWI,MD,ISP,NY,66.0
BWI,MD,JAN,MS,145.0
BWI,MD,JAX,FL,118.0
BWI,MD,JFK,NY,97.0
BWI,MD,LAS,NV,296.0
BWI,MD,LAX,CA,327.0
BWI,MD,MCI,MO,158.0
BWI,MD,MCO,FL,139.0
BWI,MD,MDW,IL,119.0
BWI,MD,MHT,NH,82.0
BWI,MD,MIA,FL,159.0
BWI,MD,MKE,WI,117.0
BWI,MD,MSP,MN,158.0
BWI,MD,MSY,LA,158.0
BWI,MD,MYR,SC,87.0
BWI,MD,ORD,IL,131.0
BWI,MD,ORF,VA,57.0
BWI,MD,PBI,FL,150.0
BWI,MD,PHX,AZ,285.0
BWI,MD,PIT,PA,60.0
BWI,MD,PVD,RI,78.0
BWI,MD,PWM,ME,89.0
BWI,MD,RDU,NC,69.0
BWI,MD,ROC,NY,72.0
BWI,MD,RSW,FL,154.0
BWI,MD,SAN,CA,312.0
BWI,MD,SAT,TX,207.0
BWI,MD,SAV,GA,105.0
BWI,MD,SDF,KY,100.0
BWI,MD,SEA,WA,348.0
BWI,MD,SFO,CA,347.0
BWI,MD,SLC,UT,277.0
BWI,MD,SRQ,FL,146.0
BWI,MD,STL,MO,129.0
BWI,MD,SYR,NY,72.0
BWI,MD,TPA,FL,143.0
BWI,MD,VPS,FL,135.0
BZN,MT,ATL,GA,230.0
BZN,MT,DEN,CO,104.0
BZN,MT,DFW,TX,180.0
BZN,MT,EWR,NJ,260.0
BZN,MT,JFK,NY,259.0
BZN,MT,LAS,NV,125.0
BZN,MT,LAX,CA,161.0
BZN,MT,MSP,MN,136.0
BZN,MT,ORD,IL,182.0
BZN,MT,SEA,WA,116.0
BZN,MT,SFO,CA,150.0
BZN,MT,SLC,UT,82.0
CAE,SC,ATL,GA,68.0
CAE,SC,CLT,NC,63.0
CAE,SC,DCA,VA,95.0
CAE,SC,DFW,TX,157.0
CAE,SC,IAD,VA,91.0
CAE,SC,LGA,NY,114.0
CAE,SC,MIA,FL,102.0
CAE,SC,ORD,IL,143.0
CAE,SC,PHL,PA,109.0
CAK,OH,CLT,NC,98.0
CAK,OH,DCA,VA,81.0
CAK,OH,ORD,IL,97.0
CAK,OH,PGD,FL,141.0
CDC,UT,SLC,UT,65.0
CDV,AK,ANC,AK,53.0
CDV,AK,YAK,AK,53.0
CHA,TN,ATL,GA,59.0
CHA,TN,CLT,NC,84.0
CHA,TN,DCA,VA,105.0
CHA,TN,DFW,TX,130.0
CHA,TN,DTW,MI,105.0
CHA,TN,ORD,IL,127.0
CHO,VA,ATL,GA,102.0
CHO,VA,CLT,NC,83.0
CHO,VA,IAD,VA,48.0
CHO,VA,LGA,NY,91.0
CHS,SC,ATL,GA,76.0
CHS,SC,AUS,TX,150.0
CHS,SC,BNA,TN,92.0
CHS,SC,BOS,MA,144.0
CHS,SC,BWI,MD,92.0
CHS,SC,CLT,NC,66.0
CHS,SC,DAL,TX,155.0
CHS,SC,DCA,VA,99.0
CHS,SC,DEN,CO,218.0
CHS,SC,DFW,TX,178.0
CHS,SC,DTW,MI,115.0
CHS,SC,EWR,NJ,122.0
CHS,SC,FLL,FL,104.0
CHS,SC,HPN,NY,135.0
CHS,SC,IAD,VA,94.0
CHS,SC,IAH,TX,154.0
CHS,SC,JFK,NY,132.0
CHS,SC,LAX,CA,312.0
CHS,SC,LGA,NY,121.0
CHS,SC,MDW,IL,128.0
CHS,SC,MIA,FL,99.0
CHS,SC,ORD,IL,146.0
CHS,SC,PHL,PA,109.0
CHS,SC,SEA,WA,353.0
CID,IA,ATL,GA,118.0
CID,IA,AZA,AZ,179.0
CID,IA,CLT,NC,132.0
CID,IA,DCA,VA,133.0
CID,IA,DEN,CO,131.0
CID,IA,DFW,TX,129.0
CID,IA,MSP,MN,76.0
CID,IA,ORD,IL,73.0
CID,IA,PHX,AZ,200.0
CIU,MI,DTW,MI,79.0
CIU,MI,MSP,MN,107.0
CLE,OH,ATL,GA,109.0
CLE,OH,BNA,TN,95.0
CLE,OH,BOS,MA,110.0
CLE,OH,BWI,MD,78.0
CLE,OH,CLT,NC,96.0
CLE,OH,DCA,VA,85.0
CLE,OH,DEN,CO,196.0
CLE,OH,DFW,TX,170.0
CLE,OH,DTW,MI,55.0
CLE,OH,EWR,NJ,93.0
CLE,OH,FLL,FL,174.0
CLE,OH,IAD,VA,75.0
CLE,OH,IAH,TX,179.0
CLE,OH,JFK,NY,115.0
CLE,OH,LAS,NV,266.0
CLE,OH,LAX,CA,297.0
CLE,OH,LGA,NY,106.0
CLE,OH,MCO,FL,150.0
CLE,OH,MDW,IL,77.0
CLE,OH,MIA,FL,171.0
CLE,OH,MSP,MN,128.0
CLE,OH,MYR,SC,100.0
CLE,OH,ORD,IL,91.0
CLE,OH,PHL,PA,84.0
CLE,OH,PHX,AZ,255.0
CLE,OH,RSW,FL,164.0
CLE,OH,SAN,CA,299.0
CLE,OH,SEA,WA,309.0
CLE,OH,SFO,CA,310.0
CLE,OH,STL,MO,92.0
CLE,OH,TPA,FL,148.0
CLL,TX,DFW,TX,69.0
CLT,NC,ABE,PA,109.0
CLT,NC,AGS,GA,71.0
CLT,NC,ALB,NY,115.0
CLT,NC,ATL,GA,78.0
CLT,NC,AUS,TX,174.0
CLT,NC,AVL,NC,55.0
CLT,NC,AVP,PA,103.0
CLT,NC,BDL,CT,116.0
CLT,NC,BGR,ME,145.0
CLT,NC,BHM,AL,91.0
CLT,NC,BNA,TN,88.0
CLT,NC,BOS,MA,138.0
CLT,NC,BTR,LA,128.0
CLT,NC,BTV,VT,138.0
CLT,NC,BUF,NY,104.0
CLT,NC,BWI,MD,86.0
CLT,NC,CAE,SC,60.0
CLT,NC,CAK,OH,98.0
CLT,NC,CHA,TN,82.0
CLT,NC,CHO,VA,82.0
CLT,NC,CHS,SC,62.0
CLT,NC,CID,IA,138.0
CLT,NC,CLE,OH,93.0
CLT,NC,CMH,OH,81.0
CLT,NC,CRW,WV,75.0
CLT,NC,CVG,KY,87.0
CLT,NC,DAB,FL,93.0
CLT,NC,DAL,TX,150.0
CLT,NC,DAY,OH,97.0
CLT,NC,DCA,VA,90.0
CLT,NC,DEN,CO,214.0
CLT,NC,DFW,TX,166.0
CLT,NC,DSM,IA,143.0
CLT,NC,DTW,MI,105.0
CLT,NC,ECP,FL,98.0
CLT,NC,ERI,PA,108.0
CLT,NC,EVV,IN,111.0
CLT,NC,EWN,NC,77.0
CLT,NC,EWR,NJ,118.0
CLT,NC,EYW,FL,134.0
CLT,NC,FAY,NC,63.0
CLT,NC,FLL,FL,120.0
CLT,NC,FLO,SC,67.0
CLT,NC,FWA,IN,111.0
CLT,NC,GNV,FL,98.0
CLT,NC,GPT,MS,119.0
CLT,NC,GRR,MI,114.0
CLT,NC,GSO,NC,59.0
CLT,NC,GSP,SC,52.0
CLT,NC,HHH,SC,78.0
CLT,NC,HPN,NY,122.0
CLT,NC,HSV,AL,93.0
CLT,NC,HTS,WV,82.0
CLT,NC,IAD,VA,87.0
CLT,NC,IAH,TX,158.0
CLT,NC,ILM,NC,66.0
CLT,NC,IND,IN,96.0
CLT,NC,JAN,MS,122.0
CLT,NC,JAX,FL,80.0
CLT,NC,JFK,NY,128.0
CLT,NC,LAS,NV,276.0
CLT,NC,LAX,CA,301.0
CLT,NC,LEX,KY,83.0
CLT,NC,LFT,LA,135.0
CLT,NC,LGA,NY,116.0
CLT,NC,LIT,AR,126.0
CLT,NC,LYH,VA,78.0
CLT,NC,MCI,MO,139.0
CLT,NC,MCO,FL,102.0
CLT,NC,MDT,PA,99.0
CLT,NC,MDW,IL,113.0
CLT,NC,MEM,TN,102.0
CLT,NC,MGM,AL,99.0
CLT,NC,MHT,NH,136.0
CLT,NC,MIA,FL,128.0
CLT,NC,MKE,WI,122.0
CLT,NC,MLB,FL,105.0
CLT,NC,MOB,AL,114.0
CLT,NC,MSN,WI,131.0
CLT,NC,MSP,MN,164.0
CLT,NC,MSY,LA,116.0
CLT,NC,MYR,SC,63.0
CLT,NC,OAJ,NC,71.0
CLT,NC,OKC,OK,158.0
CLT,NC,OMA,NE,156.0
CLT,NC,ONT,CA,287.0
CLT,NC,ORD,IL,130.0
CLT,NC,ORF,VA,76.0
CLT,NC,PBI,FL,111.0
CLT,NC,PDX,OR,322.0
CLT,NC,PGV,NC,74.0
CLT,NC,PHF,VA,87.0
CLT,NC,PHL,PA,102.0
CLT,NC,PHX,AZ,261.0
CLT,NC,PIA,IL,123.0
CLT,NC,PIT,PA,86.0
CLT,NC,PNS,FL,105.0
CLT,NC,PVD,RI,122.0
CLT,NC,PWM,ME,135.0
CLT,NC,RAP,SD,217.0
CLT,NC,RDU,NC,58.0
CLT,NC,RIC,VA,73.0
CLT,NC,ROA,VA,69.0
CLT,NC,ROC,NY,108.0
CLT,NC,RSW,FL,114.0
CLT,NC,SAN,CA,286.0
CLT,NC,SAT,TX,172.0
CLT,NC,SAV,GA,73.0
CLT,NC,SBN,IN,117.0
CLT,NC,SBY,MD,98.0
CLT,NC,SDF,KY,88.0
CLT,NC,SEA,WA,340.0
CLT,NC,SFO,CA,325.0
CLT,NC,SGF,MO,136.0
CLT,NC,SHV,LA,140.0
CLT,NC,SLC,UT,265.0
CLT,NC,SMF,CA,314.0
CLT,NC,SNA,CA,294.0
CLT,NC,SRQ,FL,115.0
CLT,NC,STL,MO,116.0
CLT,NC,SYR,NY,112.0
CLT,NC,TLH,FL,99.0
CLT,NC,TPA,FL,100.0
CLT,NC,TRI,TN,67.0
CLT,NC,TTN,NJ,106.0
CLT,NC,TUL,OK,146.0
CLT,NC,TYS,TN,69.0
CLT,NC,VPS,FL,100.0
CLT,NC,XNA,AR,141.0
CMH,OH,ATL,GA,94.0
CMH,OH,AUS,TX,160.0
CMH,OH,BNA,TN,80.0
CMH,OH,BOS,MA,122.0
CMH,OH,BWI,MD,75.0
CMH,OH,CLT,NC,88.0
CMH,OH,DAL,TX,140.0
CMH,OH,DCA,VA,80.0
CMH,OH,DEN,CO,186.0
CMH,OH,DFW,TX,160.0
CMH,OH,DTW,MI,66.0
CMH,OH,EWR,NJ,116.0
CMH,OH,FLL,FL,152.0
CMH,OH,HOU,TX,165.0
CMH,OH,IAD,VA,82.0
CMH,OH,IAH,TX,164.0
CMH,OH,JFK,NY,127.0
CMH,OH,LAS,NV,249.0
CMH,OH,LAX,CA,285.0
CMH,OH,LGA,NY,110.0
CMH,OH,MCO,FL,133.0
CMH,OH,MDW,IL,71.0
CMH,OH,MIA,FL,160.0
CMH,OH,MSP,MN,127.0
CMH,OH,ORD,IL,87.0
CMH,OH,PHL,PA,90.0
CMH,OH,PHX,AZ,248.0
CMH,OH,RSW,FL,145.0
CMH,OH,SEA,WA,302.0
CMH,OH,SFO,CA,297.0
CMH,OH,STL,MO,80.0
CMH,OH,TPA,FL,130.0
CMI,IL,DFW,TX,132.0
CMI,IL,ORD,IL,65.0
CMX,MI,ORD,IL,95.0
CNY,UT,DEN,CO,79.0
COD,WY,DEN,CO,98.0
COS,CO,ATL,GA,179.0
COS,CO,DAL,TX,110.0
COS,CO,DEN,CO,55.0
COS,CO,DFW,TX,114.0
COS,CO,IAH,TX,142.0
COS,CO,LAS,NV,109.0
COS,CO,LGB,CA,135.0
COS,CO,MDW,IL,142.0
COS,CO,MSP,MN,128.0
COS,CO,ORD,IL,154.0
COS,CO,PHX,AZ,108.0
COS,CO,SLC,UT,115.0
COU,MO,DFW,TX,104.0
COU,MO,ORD,IL,86.0
CPR,WY,DEN,CO,81.0
CPR,WY,SLC,UT,81.0
CRP,TX,DFW,TX,89.0
CRP,TX,HOU,TX,60.0
CRP,TX,IAH,TX,70.0
CRW,WV,ATL,GA,92.0
CRW,WV,CLT,NC,79.0
CRW,WV,DCA,VA,73.0
CRW,WV,ORD,IL,106.0
CSG,GA,ATL,GA,58.0
CVG,KY,ATL,GA,92.0
CVG,KY,AUS,TX,152.0
CVG,KY,BOS,MA,137.0
CVG,KY,BWI,MD,85.0
CVG,KY,CLT,NC,93.0
CVG,KY,DCA,VA,94.0
CVG,KY,DEN,CO,177.0
CVG,KY,DFW,TX,148.0
CVG,KY,DTW,MI,73.0
CVG,KY,EWR,NJ,127.0
CVG,KY,FLL,FL,148.0
CVG,KY,IAD,VA,91.0
CVG,KY,IAH,TX,154.0
CVG,KY,JFK,NY,132.0
CVG,KY,LAS,NV,248.0
CVG,KY,LAX,CA,275.0
CVG,KY,LGA,NY,122.0
CVG,KY,MCO,FL,135.0
CVG,KY,MDW,IL,66.0
CVG,KY,MIA,FL,156.0
CVG,KY,MSP,MN,118.0
CVG,KY,ORD,IL,86.0
CVG,KY,PGD,FL,132.0
CVG,KY,PHL,PA,104.0
CVG,KY,RDU,NC,86.0
CVG,KY,RSW,FL,143.0
CVG,KY,SEA,WA,296.0
CVG,KY,SLC,UT,224.0
CVG,KY,TPA,FL,128.0
CVG,KY,VPS,FL,108.0
CWA,WI,MSP,MN,72.0
CWA,WI,ORD,IL,77.0
DAB,FL,ATL,GA,89.0
DAB,FL,CLT,NC,102.0
DAL,TX,ABQ,NM,103.0
DAL,TX,AMA,TX,74.0
DAL,TX,ATL,GA,126.0
DAL,TX,AUS,TX,56.0
DAL,TX,BHM,AL,98.0
DAL,TX,BNA,TN,108.0
DAL,TX,BUR,CA,185.0
DAL,TX,BWI,MD,174.0
DAL,TX,CHS,SC,145.0
DAL,TX,CLT,NC,155.0
DAL,TX,CMH,OH,140.0
DAL,TX,COS,CO,110.0
DAL,TX,DCA,VA,174.0
DAL,TX,DEN,CO,120.0
DAL,TX,ECP,FL,112.0
DAL,TX,ELP,TX,96.0
DAL,TX,FLL,FL,170.0
DAL,TX,HOU,TX,67.0
DAL,TX,IAH,TX,69.0
DAL,TX,IND,IN,125.0
DAL,TX,LAS,NV,162.0
DAL,TX,LAX,CA,187.0
DAL,TX,LBB,TX,66.0
DAL,TX,LGA,NY,204.0
DAL,TX,LGB,CA,180.0
DAL,TX,LIT,AR,72.0
DAL,TX,MAF,TX,70.0
DAL,TX,MCI,MO,88.0
DAL,TX,MCO,FL,156.0
DAL,TX,MDW,IL,132.0
DAL,TX,MEM,TN,85.0
DAL,TX,MIA,FL,170.0
DAL,TX,MKE,WI,140.0
DAL,TX,MSY,LA,82.0
DAL,TX,OAK,CA,215.0
DAL,TX,OMA,NE,105.0
DAL,TX,ONT,CA,175.0
DAL,TX,ORD,IL,145.0
DAL,TX,PHX,AZ,145.0
DAL,TX,PIT,PA,160.0
DAL,TX,PNS,FL,105.0
DAL,TX,RDU,NC,160.0
DAL,TX,SAN,CA,171.0
DAL,TX,SAT,TX,62.0
DAL,TX,SAV,GA,135.0
DAL,TX,SEA,WA,254.0
DAL,TX,SFO,CA,224.0
DAL,TX,SJC,CA,210.0
DAL,TX,SLC,UT,155.0
DAL,TX,SMF,CA,210.0
DAL,TX,SNA,CA,180.0
DAL,TX,STL,MO,99.0
DAL,TX,TPA,FL,141.0
DAL,TX,TUL,OK,64.0
DAL,TX,VPS,FL,110.0
DAY,OH,ATL,GA,100.0
DAY,OH,CLT,NC,96.0
DAY,OH,DCA,VA,89.0
DAY,OH,DFW,TX,156.0
DAY,OH,IAD,VA,88.0
DAY,OH,LGA,NY,117.0
DAY,OH,ORD,IL,80.0
DAY,OH,PHL,PA,100.0
DCA,VA,ACK,MA,99.0
DCA,VA,AGS,GA,99.0
DCA,VA,ALB,NY,90.0
DCA,VA,ATL,GA,114.0
DCA,VA,AUS,TX,200.0
DCA,VA,AVL,NC,85.0
DCA,VA,BDL,CT,89.0
DCA,VA,BGR,ME,111.0
DCA,VA,BHM,AL,126.0
DCA,VA,BNA,TN,113.0
DCA,VA,BOS,MA,103.0
DCA,VA,BTR,LA,166.0
DCA,VA,BTV,VT,101.0
DCA,VA,BUF,NY,87.0
DCA,VA,CAE,SC,101.0
DCA,VA,CAK,OH,82.0
DCA,VA,CHA,TN,113.0
DCA,VA,CHS,SC,111.0
DCA,VA,CID,IA,156.0
DCA,VA,CLE,OH,89.0
DCA,VA,CLT,NC,94.0
DCA,VA,CMH,OH,91.0
DCA,VA,CRW,WV,74.0
DCA,VA,CVG,KY,100.0
DCA,VA,DAL,TX,183.0
DCA,VA,DAY,OH,95.0
DCA,VA,DEN,CO,240.0
DCA,VA,DFW,TX,200.0
DCA,VA,DSM,IA,164.0
DCA,VA,DTW,MI,100.0
DCA,VA,ECP,FL,135.0
DCA,VA,EWR,NJ,87.0
DCA,VA,EYW,FL,200.0
DCA,VA,FLL,FL,160.0
DCA,VA,GRR,MI,107.0
DCA,VA,GSO,NC,87.0
DCA,VA,GSP,SC,99.0
DCA,VA,HHH,SC,135.0
DCA,VA,HOU,TX,188.0
DCA,VA,HPN,NY,82.0
DCA,VA,HSV,AL,123.0
DCA,VA,IAH,TX,193.0
DCA,VA,ILM,NC,88.0
DCA,VA,IND,IN,113.0
DCA,VA,JAN,MS,160.0
DCA,VA,JAX,FL,126.0
DCA,VA,JFK,NY,92.0
DCA,VA,LAN,MI,98.0
DCA,VA,LAS,NV,304.0
DCA,VA,LAX,CA,331.0
DCA,VA,LEX,KY,96.0
DCA,VA,LGA,NY,79.0
DCA,VA,LIT,AR,152.0
DCA,VA,MCI,MO,165.0
DCA,VA,MCO,FL,143.0
DCA,VA,MDW,IL,116.0
DCA,VA,MEM,TN,148.0
DCA,VA,MGM,AL,124.0
DCA,VA,MHT,NH,108.0
DCA,VA,MIA,FL,167.0
DCA,VA,MKE,WI,120.0
DCA,VA,MSN,WI,150.0
DCA,VA,MSP,MN,163.0
DCA,VA,MSY,LA,162.0
DCA,VA,MVY,MA,98.0
DCA,VA,MYR,SC,87.0
DCA,VA,OKC,OK,189.0
DCA,VA,OMA,NE,172.0
DCA,VA,ORD,IL,132.0
DCA,VA,ORF,VA,66.0
DCA,VA,PBI,FL,155.0
DCA,VA,PDX,OR,345.0
DCA,VA,PHL,PA,64.0
DCA,VA,PHX,AZ,288.0
DCA,VA,PIT,PA,74.0
DCA,VA,PNS,FL,144.0
DCA,VA,PVD,RI,87.0
DCA,VA,PWM,ME,103.0
DCA,VA,RDU,NC,79.0
DCA,VA,ROC,NY,84.0
DCA,VA,RSW,FL,160.0
DCA,VA,SAV,GA,120.0
DCA,VA,SDF,KY,111.0
DCA,VA,SEA,WA,352.0
DCA,VA,SFO,CA,354.0
DCA,VA,SLC,UT,292.0
DCA,VA,SRQ,FL,149.0
DCA,VA,STL,MO,134.0
DCA,VA,SYR,NY,85.0
DCA,VA,TLH,FL,142.0
DCA,VA,TPA,FL,140.0
DCA,VA,TUL,OK,176.0
DCA,VA,TYS,TN,108.0
DCA,VA,VPS,FL,139.0
DCA,VA,XNA,AR,165.0
DDC,KS,DEN,CO,80.0
DEC,IL,JLN,MO,65.0
DEC,IL,ORD,IL,65.0
DEN,CO,ABQ,NM,78.0
DEN,CO,ACV,CA,175.0
DEN,CO,ALB,NY,220.0
DEN,CO,AMA,TX,78.0
DEN,CO,ANC,AK,337.0
DEN,CO,ASE,CO,56.0
DEN,CO,ATL,GA,179.0
DEN,CO,ATW,WI,148.0
DEN,CO,AUS,TX,128.0
DEN,CO,BDL,CT,230.0
DEN,CO,BFF,NE,53.0
DEN,CO,BFL,CA,151.0
DEN,CO,BHM,AL,169.0
DEN,CO,BIL,MT,94.0
DEN,CO,BIS,ND,103.0
DEN,CO,BMI,IL,134.0
DEN,CO,BNA,TN,155.0
DEN,CO,BOI,ID,116.0
DEN,CO,BOS,MA,241.0
DEN,CO,BTV,VT,220.0
DEN,CO,BUF,NY,190.0
DEN,CO,BUR,CA,144.0
DEN,CO,BWI,MD,207.0
DEN,CO,BZN,MT,105.0
DEN,CO,CHS,SC,197.0
DEN,CO,CID,IA,116.0
DEN,CO,CLE,OH,175.0
DEN,CO,CLT,NC,199.0
DEN,CO,CMH,OH,168.0
DEN,CO,CNY,UT,72.0
DEN,CO,COD,WY,93.0
DEN,CO,COS,CO,50.0
DEN,CO,CPR,WY,71.0
DEN,CO,CVG,KY,162.0
DEN,CO,DAL,TX,115.0
DEN,CO,DCA,VA,206.0
DEN,CO,DFW,TX,122.0
DEN,CO,DIK,ND,100.0
DEN,CO,DRO,CO,76.0
DEN,CO,DSM,IA,103.0
DEN,CO,DTW,MI,170.0
DEN,CO,EGE,CO,52.0
DEN,CO,ELP,TX,103.0
DEN,CO,EUG,OR,162.0
DEN,CO,EWR,NJ,232.0
DEN,CO,FAR,ND,116.0
DEN,CO,FAT,CA,144.0
DEN,CO,FCA,MT,133.0
DEN,CO,FLL,FL,237.0
DEN,CO,FSD,SD,96.0
DEN,CO,GCC,WY,78.0
DEN,CO,GEG,WA,138.0
DEN,CO,GJT,CO,66.0
DEN,CO,GRR,MI,152.0
DEN,CO,GSP,SC,192.0
DEN,CO,GTF,MT,114.0
DEN,CO,GUC,CO,68.0
DEN,CO,HDN,CO,57.0
DEN,CO,HLN,MT,119.0
DEN,CO,HNL,HI,444.0
DEN,CO,HOB,NM,109.0
DEN,CO,HOU,TX,144.0
DEN,CO,HSV,AL,165.0
DEN,CO,IAD,VA,204.0
DEN,CO,IAH,TX,146.0
DEN,CO,ICT,KS,88.0
DEN,CO,IDA,ID,104.0
DEN,CO,IND,IN,147.0
DEN,CO,JAC,WY,91.0
DEN,CO,JAX,FL,202.0
DEN,CO,JFK,NY,239.0
DEN,CO,JMS,ND,107.0
DEN,CO,KOA,HI,441.0
DEN,CO,LAR,WY,51.0
DEN,CO,LAS,NV,115.0
DEN,CO,LAX,CA,148.0
DEN,CO,LBB,TX,90.0
DEN,CO,LBF,NE,59.0
DEN,CO,LBL,KS,71.0
DEN,CO,LGA,NY,230.0
DEN,CO,LGB,CA,140.0
DEN,CO,LIH,HI,452.0
DEN,CO,LIT,AR,130.0
DEN,CO,LNK,NE,94.0
DEN,CO,LWS,ID,154.0
DEN,CO,MAF,TX,106.0
DEN,CO,MCI,MO,99.0
DEN,CO,MCO,FL,221.0
DEN,CO,MDW,IL,142.0
DEN,CO,MEM,TN,136.0
DEN,CO,MFR,OR,162.0
DEN,CO,MIA,FL,241.0
DEN,CO,MKE,WI,142.0
DEN,CO,MLI,IL,133.0
DEN,CO,MOT,ND,118.0
DEN,CO,MRY,CA,162.0
DEN,CO,MSN,WI,129.0
DEN,CO,MSO,MT,128.0
DEN,CO,MSP,MN,116.0
DEN,CO,MSY,LA,159.0
DEN,CO,MTJ,CO,67.0
DEN,CO,OAK,CA,152.0
DEN,CO,OGG,HI,428.0
DEN,CO,OKC,OK,98.0
DEN,CO,OMA,NE,88.0
DEN,CO,ONT,CA,136.0
DEN,CO,ORD,IL,152.0
DEN,CO,ORF,VA,217.0
DEN,CO,PDX,OR,159.0
DEN,CO,PHL,PA,218.0
DEN,CO,PHX,AZ,114.0
DEN,CO,PIT,PA,182.0
DEN,CO,PRC,AZ,114.0
DEN,CO,PSC,WA,154.0
DEN,CO,PSP,CA,134.0
DEN,CO,PWM,ME,235.0
DEN,CO,RAP,SD,78.0
DEN,CO,RDM,OR,157.0
DEN,CO,RDU,NC,203.0
DEN,CO,RIC,VA,204.0
DEN,CO,RIW,WY,76.0
DEN,CO,RKS,WY,65.0
DEN,CO,RNO,NV,140.0
DEN,CO,RSW,FL,226.0
DEN,CO,SAF,NM,79.0
DEN,CO,SAN,CA,140.0
DEN,CO,SAT,TX,128.0
DEN,CO,SAV,GA,201.0
DEN,CO,SBA,CA,154.0
DEN,CO,SBP,CA,160.0
DEN,CO,SDF,KY,156.0
DEN,CO,SEA,WA,176.0
DEN,CO,SFO,CA,158.0
DEN,CO,SGF,MO,117.0
DEN,CO,SGU,UT,106.0
DEN,CO,SHR,WY,82.0
DEN,CO,SHV,LA,141.0
DEN,CO,SJC,CA,152.0
DEN,CO,SLC,UT,94.0
DEN,CO,SLN,KS,90.0
DEN,CO,SMF,CA,150.0
DEN,CO,SNA,CA,144.0
DEN,CO,STL,MO,124.0
DEN,CO,SUN,ID,114.0
DEN,CO,SUX,IA,104.0
DEN,CO,SYR,NY,201.0
DEN,CO,TPA,FL,212.0
DEN,CO,TUL,OK,101.0
DEN,CO,TUS,AZ,120.0
DEN,CO,TVC,MI,157.0
DEN,CO,TYS,TN,182.0
DEN,CO,VEL,UT,69.0
DEN,CO,XNA,AR,118.0
DEN,CO,XWA,ND,115.0
DFW,TX,ABI,TX,52.0
DFW,TX,ABQ,NM,110.0
DFW,TX,ACT,TX,48.0
DFW,TX,AEX,LA,75.0
DFW,TX,AGS,GA,149.0
DFW,TX,AMA,TX,79.0
DFW,TX,ANC,AK,413.0
DFW,TX,ASE,CO,138.0
DFW,TX,ATL,GA,134.0
DFW,TX,AUS,TX,65.0
DFW,TX,AVL,NC,144.0
DFW,TX,BDL,CT,213.0
DFW,TX,BFL,CA,192.0
DFW,TX,BHM,AL,108.0
DFW,TX,BIL,MT,170.0
DFW,TX,BIS,ND,164.0
DFW,TX,BMI,IL,121.0
DFW,TX,BNA,TN,117.0
DFW,TX,BOI,ID,198.0
DFW,TX,BOS,MA,231.0
DFW,TX,BPT,TX,84.0
DFW,TX,BRO,TX,97.0
DFW,TX,BTR,LA,90.0
DFW,TX,BUF,NY,186.0
DFW,TX,BUR,CA,196.0
DFW,TX,BWI,MD,188.0
DFW,TX,BZN,MT,184.0
DFW,TX,CAE,SC,144.0
DFW,TX,CHA,TN,125.0
DFW,TX,CHS,SC,156.0
DFW,TX,CID,IA,123.0
DFW,TX,CLE,OH,164.0
DFW,TX,CLL,TX,57.0
DFW,TX,CLT,NC,157.0
DFW,TX,CMH,OH,153.0
DFW,TX,CMI,IL,122.0
DFW,TX,COS,CO,117.0
DFW,TX,COU,MO,102.0
DFW,TX,CRP,TX,79.0
DFW,TX,CVG,KY,140.0
DFW,TX,DAY,OH,150.0
DFW,TX,DCA,VA,184.0
DFW,TX,DEN,CO,129.0
DFW,TX,DRO,CO,127.0
DFW,TX,DSM,IA,111.0
DFW,TX,DTW,MI,163.0
DFW,TX,ECP,FL,121.0
DFW,TX,EGE,CO,136.0
DFW,TX,ELP,TX,101.0
DFW,TX,EUG,OR,242.0
DFW,TX,EVV,IN,113.0
DFW,TX,EWR,NJ,213.0
DFW,TX,EYW,FL,180.0
DFW,TX,FAR,ND,160.0
DFW,TX,FAT,CA,199.0
DFW,TX,FAY,NC,168.0
DFW,TX,FCA,MT,212.0
DFW,TX,FLG,AZ,148.0
DFW,TX,FLL,FL,176.0
DFW,TX,FSD,SD,128.0
DFW,TX,FSM,AR,68.0
DFW,TX,FWA,IN,143.0
DFW,TX,GCK,KS,98.0
DFW,TX,GEG,WA,216.0
DFW,TX,GGG,TX,60.0
DFW,TX,GJT,CO,138.0
DFW,TX,GNV,FL,146.0
DFW,TX,GPT,MS,97.0
DFW,TX,GRI,NE,112.0
DFW,TX,GRK,TX,53.0
DFW,TX,GRR,MI,150.0
DFW,TX,GSO,NC,156.0
DFW,TX,GSP,SC,140.0
DFW,TX,HNL,HI,474.0
DFW,TX,HOU,TX,75.0
DFW,TX,HRL,TX,91.0
DFW,TX,HSV,AL,113.0
DFW,TX,IAD,VA,179.0
DFW,TX,IAH,TX,72.0
DFW,TX,ICT,KS,79.0
DFW,TX,IDA,ID,179.0
DFW,TX,ILM,NC,172.0
DFW,TX,IND,IN,134.0
DFW,TX,JAC,WY,177.0
DFW,TX,JAN,MS,90.0
DFW,TX,JAX,FL,149.0
DFW,TX,JFK,NY,228.0
DFW,TX,LAS,NV,171.0
DFW,TX,LAW,OK,62.0
DFW,TX,LAX,CA,194.0
DFW,TX,LBB,TX,72.0
DFW,TX,LCH,LA,84.0
DFW,TX,LEX,KY,132.0
DFW,TX,LFT,LA,88.0
DFW,TX,LGA,NY,217.0
DFW,TX,LIT,AR,77.0
DFW,TX,LRD,TX,83.0
DFW,TX,MAF,TX,74.0
DFW,TX,MCI,MO,96.0
DFW,TX,MCO,FL,167.0
DFW,TX,MDT,PA,188.0
DFW,TX,MDW,IL,142.0
DFW,TX,MEM,TN,93.0
DFW,TX,MFE,TX,93.0
DFW,TX,MGM,AL,114.0
DFW,TX,MIA,FL,178.0
DFW,TX,MKE,WI,141.0
DFW,TX,MLI,IL,124.0
DFW,TX,MLU,LA,74.0
DFW,TX,MOB,AL,102.0
DFW,TX,MRY,CA,212.0
DFW,TX,MSN,WI,137.0
DFW,TX,MSO,MT,200.0
DFW,TX,MSP,MN,146.0
DFW,TX,MSY,LA,91.0
DFW,TX,MTJ,CO,134.0
DFW,TX,MYR,SC,161.0
DFW,TX,OAK,CA,221.0
DFW,TX,OGG,HI,484.0
DFW,TX,OKC,OK,65.0
DFW,TX,OMA,NE,107.0
DFW,TX,ONT,CA,183.0
DFW,TX,ORD,IL,150.0
DFW,TX,ORF,VA,183.0
DFW,TX,PBI,FL,172.0
DFW,TX,PDX,OR,239.0
DFW,TX,PHL,PA,198.0
DFW,TX,PHX,AZ,151.0
DFW,TX,PIA,IL,130.0
DFW,TX,PIT,PA,167.0
DFW,TX,PNS,FL,109.0
DFW,TX,PSP,CA,182.0
DFW,TX,RAP,SD,140.0
DFW,TX,RDU,NC,167.0
DFW,TX,RIC,VA,179.0
DFW,TX,RNO,NV,201.0
DFW,TX,ROW,NM,98.0
DFW,TX,RSW,FL,163.0
DFW,TX,SAF,NM,114.0
DFW,TX,SAN,CA,179.0
DFW,TX,SAT,TX,70.0
DFW,TX,SAV,GA,144.0
DFW,TX,SBA,CA,198.0
DFW,TX,SBN,IN,152.0
DFW,TX,SBP,CA,206.0
DFW,TX,SDF,KY,129.0
DFW,TX,SEA,WA,255.0
DFW,TX,SFO,CA,223.0
DFW,TX,SGF,MO,84.0
DFW,TX,SHV,LA,68.0
DFW,TX,SJC,CA,214.0
DFW,TX,SJT,TX,67.0
DFW,TX,SLC,UT,164.0
DFW,TX,SMF,CA,214.0
DFW,TX,SNA,CA,188.0
DFW,TX,SPS,TX,64.0
DFW,TX,SRQ,FL,153.0
DFW,TX,STL,MO,106.0
DFW,TX,STS,CA,226.0
DFW,TX,SWO,OK,73.0
DFW,TX,SYR,NY,194.0
DFW,TX,TLH,FL,140.0
DFW,TX,TPA,FL,152.0
DFW,TX,TRI,TN,143.0
DFW,TX,TUL,OK,72.0
DFW,TX,TUS,AZ,136.0
DFW,TX,TVC,MI,155.0
DFW,TX,TXK,AR,65.0
DFW,TX,TYR,TX,53.0
DFW,TX,TYS,TN,129.0
DFW,TX,VPS,FL,132.0
DFW,TX,XNA,AR,78.0
DFW,TX,YUM,AZ,168.0
DHN,AL,ATL,GA,74.0
DIK,ND,DEN,CO,114.0
DLG,AK,ANC,AK,68.0
DLH,MN,MSP,MN,63.0
DLH,MN,ORD,IL,107.0
DRO,CO,DEN,CO,81.0
DRO,CO,DFW,TX,128.0
DRO,CO,PHX,AZ,87.0
DSM,IA,ATL,GA,127.0
DSM,IA,BNA,TN,94.0
DSM,IA,CLT,NC,139.0
DSM,IA,DCA,VA,145.0
DSM,IA,DEN,CO,114.0
DSM,IA,DFW,TX,120.0
DSM,IA,DTW,MI,109.0
DSM,IA,IAH,TX,141.0
DSM,IA,LGA,NY,163.0
DSM,IA,MSP,MN,76.0
DSM,IA,ORD,IL,88.0
DSM,IA,PHX,AZ,181.0
DSM,IA,STL,MO,60.0
DTW,MI,ALB,NY,95.0
DTW,MI,ATL,GA,120.0
DTW,MI,ATW,WI,79.0
DTW,MI,AUS,TX,179.0
DTW,MI,AZO,MI,51.0
DTW,MI,BDL,CT,101.0
DTW,MI,BHM,AL,113.0
DTW,MI,BNA,TN,96.0
DTW,MI,BOS,MA,118.0
DTW,MI,BTV,VT,102.0
DTW,MI,BUF,NY,65.0
DTW,MI,BWI,MD,91.0
DTW,MI,CHA,TN,104.0
DTW,MI,CHS,SC,120.0
DTW,MI,CIU,MI,71.0
DTW,MI,CLE,OH,55.0
DTW,MI,CLT,NC,109.0
DTW,MI,CMH,OH,61.0
DTW,MI,CVG,KY,70.0
DTW,MI,DCA,VA,93.0
DTW,MI,DEN,CO,184.0
DTW,MI,DFW,TX,166.0
DTW,MI,DSM,IA,111.0
DTW,MI,ELM,NY,74.0
DTW,MI,ESC,MI,83.0
DTW,MI,EWR,NJ,106.0
DTW,MI,FLL,FL,177.0
DTW,MI,GRB,WI,83.0
DTW,MI,GRR,MI,52.0
DTW,MI,GSO,NC,102.0
DTW,MI,GSP,SC,100.0
DTW,MI,HPN,NY,103.0
DTW,MI,IAD,VA,93.0
DTW,MI,IAH,TX,174.0
DTW,MI,IMT,MI,87.0
DTW,MI,IND,IN,71.0
DTW,MI,JAX,FL,138.0
DTW,MI,JFK,NY,116.0
DTW,MI,LAN,MI,44.0
DTW,MI,LAS,NV,258.0
DTW,MI,LAX,CA,288.0
DTW,MI,LEX,KY,81.0
DTW,MI,LGA,NY,108.0
DTW,MI,MBS,MI,50.0
DTW,MI,MCI,MO,120.0
DTW,MI,MCO,FL,163.0
DTW,MI,MDT,PA,86.0
DTW,MI,MDW,IL,71.0
DTW,MI,MEM,TN,114.0
DTW,MI,MIA,FL,181.0
DTW,MI,MKE,WI,71.0
DTW,MI,MQT,MI,88.0
DTW,MI,MSN,WI,76.0
DTW,MI,MSP,MN,111.0
DTW,MI,MSY,LA,151.0
DTW,MI,MYR,SC,111.0
DTW,MI,OMA,NE,125.0
DTW,MI,ORD,IL,85.0
DTW,MI,ORF,VA,106.0
DTW,MI,PBI,FL,174.0
DTW,MI,PDX,OR,291.0
DTW,MI,PHL,PA,99.0
DTW,MI,PHX,AZ,249.0
DTW,MI,PIT,PA,65.0
DTW,MI,PLN,MI,76.0
DTW,MI,PVD,RI,107.0
DTW,MI,PWM,ME,113.0
DTW,MI,RDU,NC,99.0
DTW,MI,RIC,VA,97.0
DTW,MI,ROC,NY,76.0
DTW,MI,RSW,FL,168.0
DTW,MI,SAN,CA,277.0
DTW,MI,SAT,TX,185.0
DTW,MI,SAV,GA,122.0
DTW,MI,SDF,KY,83.0
DTW,MI,SEA,WA,299.0
DTW,MI,SFO,CA,306.0
DTW,MI,SLC,UT,232.0
DTW,MI,STL,MO,94.0
DTW,MI,SYR,NY,85.0
DTW,MI,TPA,FL,156.0
DTW,MI,TVC,MI,70.0
DTW,MI,TYS,TN,92.0
DVL,ND,DEN,CO,129.0
EAT,WA,SEA,WA,54.0
ECP,FL,ATL,GA,73.0
ECP,FL,AUS,TX,115.0
ECP,FL,BNA,TN,85.0
ECP,FL,CLT,NC,97.0
ECP,FL,DAL,TX,115.0
ECP,FL,DCA,VA,139.0
ECP,FL,DFW,TX,135.0
ECP,FL,HOU,TX,100.0
ECP,FL,IAH,TX,120.0
ECP,FL,STL,MO,105.0
EGE,CO,DEN,CO,69.0
EGE,CO,DFW,TX,130.0
EKO,NV,SLC,UT,66.0
ELM,NY,DTW,MI,82.0
ELP,TX,ATL,GA,192.0
ELP,TX,AUS,TX,96.0
ELP,TX,DAL,TX,107.0
ELP,TX,DEN,CO,113.0
ELP,TX,DFW,TX,112.0
ELP,TX,HOU,TX,115.0
ELP,TX,IAH,TX,121.0
ELP,TX,LAS,NV,105.0
ELP,TX,LAX,CA,125.0
ELP,TX,LGB,CA,115.0
ELP,TX,ORD,IL,194.0
ELP,TX,PHX,AZ,81.0
ELP,TX,SAN,CA,105.0
ELP,TX,SAT,TX,85.0
ELP,TX,SEA,WA,210.0
ERI,PA,CLT,NC,106.0
ESC,MI,MSP,MN,77.0
EUG,OR,AZA,AZ,154.0
EUG,OR,BUR,CA,120.0
EUG,OR,DEN,CO,151.0
EUG,OR,DFW,TX,227.0
EUG,OR,LAS,NV,130.0
EUG,OR,LAX,CA,138.0
EUG,OR,OAK,CA,90.0
EUG,OR,PHX,AZ,154.0
EUG,OR,SAN,CA,140.0
EUG,OR,SEA,WA,72.0
EUG,OR,SFO,CA,95.0
EUG,OR,SJC,CA,95.0
EUG,OR,SLC,UT,114.0
EVV,IN,ATL,GA,94.0
EVV,IN,CLT,NC,100.0
EVV,IN,DFW,TX,126.0
EWN,NC,CLT,NC,87.0
EWR,NJ,ACK,MA,79.0
EWR,NJ,ALB,NY,76.0
EWR,NJ,ANC,AK,463.0
EWR,NJ,ATL,GA,142.0
EWR,NJ,AUS,TX,235.0
EWR,NJ,AVL,NC,133.0
EWR,NJ,AVP,PA,61.0
EWR,NJ,BGR,ME,95.0
EWR,NJ,BNA,TN,146.0
EWR,NJ,BOS,MA,80.0
EWR,NJ,BTV,VT,81.0
EWR,NJ,BUF,NY,88.0
EWR,NJ,BZN,MT,291.0
EWR,NJ,CHS,SC,126.0
EWR,NJ,CLE,OH,100.0
EWR,NJ,CLT,NC,124.0
EWR,NJ,CMH,OH,120.0
EWR,NJ,CVG,KY,128.0
EWR,NJ,DCA,VA,86.0
EWR,NJ,DEN,CO,257.0
EWR,NJ,DFW,TX,225.0
EWR,NJ,DTW,MI,116.0
EWR,NJ,EYW,FL,208.0
EWR,NJ,FLL,FL,187.0
EWR,NJ,GRR,MI,131.0
EWR,NJ,GSO,NC,119.0
EWR,NJ,GSP,SC,129.0
EWR,NJ,HHH,SC,137.0
EWR,NJ,IAD,VA,88.0
EWR,NJ,IAH,TX,226.0
EWR,NJ,ILM,NC,116.0
EWR,NJ,IND,IN,138.0
EWR,NJ,ITH,NY,76.0
EWR,NJ,JAC,WY,291.0
EWR,NJ,JAX,FL,144.0
EWR,NJ,LAS,NV,330.0
EWR,NJ,LAX,CA,356.0
EWR,NJ,MCI,MO,185.0
EWR,NJ,MCO,FL,170.0
EWR,NJ,MDT,PA,69.0
EWR,NJ,MEM,TN,172.0
EWR,NJ,MHT,NH,80.0
EWR,NJ,MIA,FL,187.0
EWR,NJ,MKE,WI,153.0
EWR,NJ,MSN,WI,154.0
EWR,NJ,MSP,MN,178.0
EWR,NJ,MSY,LA,190.0
EWR,NJ,MYR,SC,123.0
EWR,NJ,OAK,CA,376.0
EWR,NJ,ORD,IL,156.0
EWR,NJ,ORF,VA,89.0
EWR,NJ,PBI,FL,179.0
EWR,NJ,PDX,OR,359.0
EWR,NJ,PHL,PA,53.0
EWR,NJ,PHX,AZ,321.0
EWR,NJ,PIT,PA,95.0
EWR,NJ,PQI,ME,104.0
EWR,NJ,PVD,RI,73.0
EWR,NJ,PWM,ME,88.0
EWR,NJ,RDU,NC,110.0
EWR,NJ,RIC,VA,102.0
EWR,NJ,ROC,NY,85.0
EWR,NJ,RSW,FL,183.0
EWR,NJ,SAN,CA,349.0
EWR,NJ,SAT,TX,236.0
EWR,NJ,SAV,GA,136.0
EWR,NJ,SCE,PA,73.0
EWR,NJ,SDF,KY,142.0
EWR,NJ,SEA,WA,370.0
EWR,NJ,SFO,CA,370.0
EWR,NJ,SLC,UT,311.0
EWR,NJ,SMF,CA,364.0
EWR,NJ,SNA,CA,356.0
EWR,NJ,SRQ,FL,172.0
EWR,NJ,STL,MO,164.0
EWR,NJ,SYR,NY,73.0
EWR,NJ,TPA,FL,174.0
EWR,NJ,TVC,MI,144.0
EYW,FL,ATL,GA,120.0
EYW,FL,CLT,NC,139.0
EYW,FL,DCA,VA,171.0
EYW,FL,DFW,TX,185.0
EYW,FL,EWR,NJ,200.0
EYW,FL,MIA,FL,48.0
EYW,FL,PHL,PA,179.0
FAI,AK,ANC,AK,63.0
FAI,AK,MSP,MN,313.0
FAI,AK,ORD,IL,357.0
FAI,AK,SEA,WA,218.0
FAR,ND,AZA,AZ,183.0
FAR,ND,BNA,TN,136.0
FAR,ND,DEN,CO,123.0
FAR,ND,DFW,TX,167.0
FAR,ND,MSP,MN,69.0
FAR,ND,ORD,IL,118.0
FAT,CA,DEN,CO,140.0
FAT,CA,DFW,TX,196.0
FAT,CA,LAS,NV,71.0
FAT,CA,LAX,CA,76.0
FAT,CA,ORD,IL,231.0
FAT,CA,PDX,OR,111.0
FAT,CA,PHX,AZ,106.0
FAT,CA,SAN,CA,73.0
FAT,CA,SEA,WA,138.0
FAT,CA,SFO,CA,60.0
FAT,CA,SLC,UT,101.0
FAY,NC,ATL,GA,84.0
FAY,NC,CLT,NC,72.0
FAY,NC,DFW,TX,183.0
FCA,MT,DEN,CO,130.0
FCA,MT,DFW,TX,210.0
FCA,MT,LAX,CA,176.0
FCA,MT,MSP,MN,157.0
FCA,MT,ORD,IL,203.0
FCA,MT,SAN,CA,179.0
FCA,MT,SEA,WA,90.0
FCA,MT,SFO,CA,153.0
FCA,MT,SLC,UT,106.0
FLG,AZ,DFW,TX,149.0
FLG,AZ,PHX,AZ,60.0
FLL,FL,ACY,NJ,158.0
FLL,FL,ALB,NY,191.0
FLL,FL,ATL,GA,118.0
FLL,FL,AUS,TX,176.0
FLL,FL,AVL,NC,116.0
FLL,FL,BDL,CT,183.0
FLL,FL,BNA,TN,141.0
FLL,FL,BOS,MA,199.0
FLL,FL,BUF,NY,183.0
FLL,FL,BWI,MD,152.0
FLL,FL,CHS,SC,103.0
FLL,FL,CLE,OH,170.0
FLL,FL,CLT,NC,125.0
FLL,FL,CMH,OH,156.0
FLL,FL,CVG,KY,157.0
FLL,FL,DAL,TX,172.0
FLL,FL,DCA,VA,160.0
FLL,FL,DEN,CO,260.0
FLL,FL,DFW,TX,190.0
FLL,FL,DTW,MI,181.0
FLL,FL,EWR,NJ,184.0
FLL,FL,HOU,TX,162.0
FLL,FL,HPN,NY,179.0
FLL,FL,IAD,VA,154.0
FLL,FL,IAH,TX,166.0
FLL,FL,IND,IN,160.0
FLL,FL,ISP,NY,177.0
FLL,FL,JAX,FL,79.0
FLL,FL,JFK,NY,187.0
FLL,FL,LAS,NV,306.0
FLL,FL,LAX,CA,324.0
FLL,FL,LGA,NY,184.0
FLL,FL,MCI,MO,190.0
FLL,FL,MCO,FL,68.0
FLL,FL,MDW,IL,185.0
FLL,FL,MSP,MN,233.0
FLL,FL,MSY,LA,120.0
FLL,FL,MYR,SC,106.0
FLL,FL,ORD,IL,201.0
FLL,FL,ORF,VA,136.0
FLL,FL,ORH,MA,192.0
FLL,FL,PHL,PA,168.0
FLL,FL,PIT,PA,158.0
FLL,FL,PNS,FL,103.0
FLL,FL,PVD,RI,190.0
FLL,FL,RDU,NC,130.0
FLL,FL,RIC,VA,136.0
FLL,FL,SAN,CA,316.0
FLL,FL,SAT,TX,185.0
FLL,FL,SDF,KY,145.0
FLL,FL,SEA,WA,396.0
FLL,FL,SFO,CA,358.0
FLL,FL,SLC,UT,308.0
FLL,FL,STL,MO,170.0
FLL,FL,TPA,FL,66.0
FLL,FL,TYS,TN,119.0
FLO,SC,CLT,NC,73.0
FNT,MI,ORD,IL,75.0
FNT,MI,PIE,FL,157.0
FNT,MI,SFB,FL,150.0
FOD,IA,MCW,IA,36.0
FSD,SD,ATL,GA,149.0
FSD,SD,DEN,CO,105.0
FSD,SD,DFW,TX,133.0
FSD,SD,MSP,MN,69.0
FSD,SD,ORD,IL,101.0
FSD,SD,PHX,AZ,175.0
FSM,AR,DFW,TX,71.0
FWA,IN,ATL,GA,116.0
FWA,IN,CLT,NC,106.0
FWA,IN,DFW,TX,154.0
FWA,IN,MSP,MN,109.0
FWA,IN,ORD,IL,68.0
GCC,WY,DEN,CO,80.0
GCK,KS,DFW,TX,90.0
GEG,WA,ATL,GA,258.0
GEG,WA,BOI,ID,67.0
GEG,WA,DEN,CO,134.0
GEG,WA,DFW,TX,210.0
GEG,WA,LAS,NV,135.0
GEG,WA,LAX,CA,166.0
GEG,WA,MSP,MN,168.0
GEG,WA,OAK,CA,125.0
GEG,WA,ORD,IL,209.0
GEG,WA,PDX,OR,69.0
GEG,WA,PHX,AZ,164.0
GEG,WA,SAN,CA,164.0
GEG,WA,SEA,WA,75.0
GEG,WA,SFO,CA,136.0
GEG,WA,SJC,CA,128.0
GEG,WA,SLC,UT,103.0
GEG,WA,SMF,CA,110.0
GFK,ND,MSP,MN,78.0
GGG,TX,DFW,TX,68.0
GJT,CO,DEN,CO,78.0
GJT,CO,DFW,TX,136.0
GJT,CO,PHX,AZ,98.0
GNV,FL,ATL,GA,78.0
GNV,FL,CLT,NC,97.0
GNV,FL,DFW,TX,157.0
GNV,FL,MIA,FL,73.0
GPT,MS,ATL,GA,83.0
GPT,MS,CLT,NC,114.0
GPT,MS,DFW,TX,109.0
GPT,MS,IAH,TX,92.0
GRB,WI,ATL,GA,127.0
GRB,WI,DTW,MI,80.0
GRB,WI,MSP,MN,74.0
GRB,WI,ORD,IL,71.0
GRI,NE,DFW,TX,110.0
GRK,TX,DFW,TX,62.0
GRR,MI,ATL,GA,117.0
GRR,MI,BWI,MD,95.0
GRR,MI,CLT,NC,117.0
GRR,MI,DCA,VA,106.0
GRR,MI,DEN,CO,170.0
GRR,MI,DFW,TX,159.0
GRR,MI,DTW,MI,56.0
GRR,MI,EWR,NJ,121.0
GRR,MI,IAH,TX,164.0
GRR,MI,LGA,NY,120.0
GRR,MI,MDW,IL,57.0
GRR,MI,MSP,MN,92.0
GRR,MI,ORD,IL,67.0
GRR,MI,PHL,PA,108.0
GRR,MI,SFB,FL,151.0
GSO,NC,ATL,GA,79.0
GSO,NC,CLT,NC,56.0
GSO,NC,DCA,VA,77.0
GSO,NC,DFW,TX,171.0
GSO,NC,DTW,MI,106.0
GSO,NC,EWR,NJ,110.0
GSO,NC,LGA,NY,105.0
GSO,NC,MIA,FL,124.0
GSO,NC,ORD,IL,127.0
GSO,NC,PHL,PA,90.0
GSP,SC,ATL,GA,62.0
GSP,SC,BWI,MD,85.0
GSP,SC,CLT,NC,64.0
GSP,SC,DCA,VA,101.0
GSP,SC,DEN,CO,212.0
GSP,SC,DFW,TX,153.0
GSP,SC,DTW,MI,106.0
GSP,SC,EWR,NJ,124.0
GSP,SC,IAH,TX,141.0
GSP,SC,LGA,NY,118.0
GSP,SC,MIA,FL,116.0
GSP,SC,ORD,IL,125.0
GSP,SC,PHL,PA,109.0
GST,AK,JNU,AK,33.0
GTF,MT,DEN,CO,108.0
GTF,MT,MSP,MN,138.0
GTF,MT,SEA,WA,110.0
GTF,MT,SLC,UT,93.0
GTR,MS,ATL,GA,81.0
GUC,CO,DEN,CO,80.0
HDN,CO,DEN,CO,68.0
HHH,SC,ATL,GA,80.0
HHH,SC,CLT,NC,71.0
HHH,SC,DCA,VA,103.0
HHH,SC,EWR,NJ,137.0
HHH,SC,LGA,NY,134.0
HIB,MN,MSP,MN,67.0
HLN,MT,DEN,CO,109.0
HLN,MT,SEA,WA,106.0
HLN,MT,SLC,UT,85.0
HNL,HI,ANC,AK,367.0
HNL,HI,ATL,GA,525.0
HNL,HI,AUS,TX,455.0
HNL,HI,DEN,CO,410.0
HNL,HI,DFW,TX,442.0
HNL,HI,IAH,TX,466.0
HNL,HI,ITO,HI,56.0
HNL,HI,JFK,NY,580.0
HNL,HI,KOA,HI,49.0
HNL,HI,LAS,NV,346.0
HNL,HI,LAX,CA,329.0
HNL,HI,LGB,CA,325.0
HNL,HI,LIH,HI,43.0
HNL,HI,MSP,MN,465.0
HNL,HI,OAK,CA,308.0
HNL,HI,OGG,HI,44.0
HNL,HI,ONT,CA,340.0
HNL,HI,ORD,IL,483.0
HNL,HI,PDX,OR,330.0
HNL,HI,PHX,AZ,362.0
HNL,HI,SAN,CA,332.0
HNL,HI,SEA,WA,353.0
HNL,HI,SFO,CA,306.0
HNL,HI,SJC,CA,307.0
HNL,HI,SLC,UT,365.0
HNL,HI,SMF,CA,308.0
HOB,NM,DEN,CO,109.0
HOB,NM,IAH,TX,101.0
HOU,TX,ABQ,NM,118.0
HOU,TX,ATL,GA,122.0
HOU,TX,AUS,TX,50.0
HOU,TX,BHM,AL,98.0
HOU,TX,BNA,TN,115.0
HOU,TX,BWI,MD,180.0
HOU,TX,CMH,OH,150.0
HOU,TX,CRP,TX,54.0
HOU,TX,DAL,TX,65.0
HOU,TX,DCA,VA,177.0
HOU,TX,DEN,CO,148.0
HOU,TX,DFW,TX,81.0
HOU,TX,ECP,FL,100.0
HOU,TX,ELP,TX,107.0
HOU,TX,FLL,FL,148.0
HOU,TX,HRL,TX,60.0
HOU,TX,IND,IN,135.0
HOU,TX,JAN,MS,77.0
HOU,TX,JAX,FL,130.0
HOU,TX,LAS,NV,179.0
HOU,TX,LAX,CA,198.0
HOU,TX,LGA,NY,210.0
HOU,TX,LGB,CA,190.0
HOU,TX,MAF,TX,82.0
HOU,TX,MCI,MO,113.0
HOU,TX,MCO,FL,141.0
HOU,TX,MDW,IL,147.0
HOU,TX,MEM,TN,90.0
HOU,TX,MIA,FL,150.0
HOU,TX,MSY,LA,66.0
HOU,TX,OAK,CA,235.0
HOU,TX,OKC,OK,79.0
HOU,TX,OMA,NE,125.0
HOU,TX,PHX,AZ,153.0
HOU,TX,PIT,PA,165.0
HOU,TX,PNS,FL,85.0
HOU,TX,SAN,CA,182.0
HOU,TX,SAT,TX,56.0
HOU,TX,SAV,GA,135.0
HOU,TX,SDF,KY,130.0
HOU,TX,SJC,CA,225.0
HOU,TX,SLC,UT,180.0
HOU,TX,SMF,CA,225.0
HOU,TX,SRQ,FL,130.0
HOU,TX,STL,MO,116.0
HOU,TX,TPA,FL,125.0
HOU,TX,TUL,OK,85.0
HOU,TX,TUS,AZ,135.0
HOU,TX,VPS,FL,95.0
HPN,NY,ACK,MA,62.0
HPN,NY,ATL,GA,140.0
HPN,NY,BOS,MA,73.0
HPN,NY,CHS,SC,137.0
HPN,NY,CLT,NC,117.0
HPN,NY,DCA,VA,77.0
HPN,NY,DTW,MI,111.0
HPN,NY,FLL,FL,177.0
HPN,NY,MCO,FL,175.0
HPN,NY,MVY,MA,60.0
HPN,NY,ORD,IL,152.0
HPN,NY,PBI,FL,175.0
HPN,NY,RSW,FL,183.0
HPN,NY,TPA,FL,176.0
HRL,TX,AUS,TX,65.0
HRL,TX,DFW,TX,101.0
HRL,TX,HOU,TX,68.0
HRL,TX,IAH,TX,81.0
HSV,AL,ATL,GA,63.0
HSV,AL,CLT,NC,95.0
HSV,AL,DCA,VA,119.0
HSV,AL,DEN,CO,182.0
HSV,AL,DFW,TX,124.0
HSV,AL,IAD,VA,127.0
HSV,AL,IAH,TX,122.0
HSV,AL,ORD,IL,124.0
HTS,WV,CLT,NC,81.0
HYA,MA,JFK,NY,69.0
HYA,MA,LGA,NY,76.0
HYS,KS,DEN,CO,80.0
HYS,KS,SLN,KS,41.0
IAD,VA,ALB,NY,98.0
IAD,VA,ATL,GA,110.0
IAD,VA,AUS,TX,202.0
IAD,VA,BDL,CT,90.0
IAD,VA,BNA,TN,114.0
IAD,VA,BOS,MA,100.0
IAD,VA,BTV,VT,95.0
IAD,VA,BUF,NY,85.0
IAD,VA,CAE,SC,100.0
IAD,VA,CHO,VA,54.0
IAD,VA,CHS,SC,108.0
IAD,VA,CLE,OH,80.0
IAD,VA,CLT,NC,92.0
IAD,VA,CMH,OH,88.0
IAD,VA,CVG,KY,103.0
IAD,VA,DAY,OH,95.0
IAD,VA,DEN,CO,228.0
IAD,VA,DFW,TX,193.0
IAD,VA,DTW,MI,95.0
IAD,VA,EWR,NJ,82.0
IAD,VA,FLL,FL,174.0
IAD,VA,HSV,AL,128.0
IAD,VA,IAH,TX,188.0
IAD,VA,IND,IN,107.0
IAD,VA,JAX,FL,127.0
IAD,VA,JFK,NY,100.0
IAD,VA,JST,PA,64.0
IAD,VA,LAS,NV,302.0
IAD,VA,LAX,CA,326.0
IAD,VA,LGA,NY,86.0
IAD,VA,MCI,MO,170.0
IAD,VA,MCO,FL,140.0
IAD,VA,MDW,IL,112.0
IAD,VA,MIA,FL,167.0
IAD,VA,MSP,MN,166.0
IAD,VA,MSY,LA,158.0
IAD,VA,ORD,IL,130.0
IAD,VA,ORF,VA,67.0
IAD,VA,PDX,OR,338.0
IAD,VA,PHX,AZ,288.0
IAD,VA,PIT,PA,68.0
IAD,VA,PVD,RI,101.0
IAD,VA,PWM,ME,105.0
IAD,VA,RDU,NC,71.0
IAD,VA,RIC,VA,64.0
IAD,VA,ROA,VA,72.0
IAD,VA,ROC,NY,89.0
IAD,VA,RSW,FL,146.0
IAD,VA,SAN,CA,316.0
IAD,VA,SAT,TX,210.0
IAD,VA,SAV,GA,119.0
IAD,VA,SDF,KY,109.0
IAD,VA,SEA,WA,349.0
IAD,VA,SFO,CA,344.0
IAD,VA,SLC,UT,271.0
IAD,VA,SMF,CA,344.0
IAD,VA,STL,MO,138.0
IAD,VA,SYR,NY,86.0
IAD,VA,TPA,FL,148.0
IAD,VA,TYS,TN,102.0
IAH,TX,ABQ,NM,134.0
IAH,TX,AMA,TX,109.0
IAH,TX,ANC,AK,439.0
IAH,TX,ASE,CO,159.0
IAH,TX,ATL,GA,128.0
IAH,TX,AUS,TX,58.0
IAH,TX,BHM,AL,114.0
IAH,TX,BNA,TN,121.0
IAH,TX,BOS,MA,236.0
IAH,TX,BRO,TX,79.0
IAH,TX,BTR,LA,71.0
IAH,TX,BWI,MD,189.0
IAH,TX,CHS,SC,152.0
IAH,TX,CLE,OH,165.0
IAH,TX,CLT,NC,157.0
IAH,TX,CMH,OH,155.0
IAH,TX,COS,CO,154.0
IAH,TX,CRP,TX,66.0
IAH,TX,CVG,KY,146.0
IAH,TX,DAL,TX,65.0
IAH,TX,DCA,VA,184.0
IAH,TX,DEN,CO,152.0
IAH,TX,DFW,TX,78.0
IAH,TX,DSM,IA,136.0
IAH,TX,DTW,MI,170.0
IAH,TX,ECP,FL,112.0
IAH,TX,ELP,TX,120.0
IAH,TX,EWR,NJ,219.0
IAH,TX,FLL,FL,159.0
IAH,TX,GPT,MS,88.0
IAH,TX,GRR,MI,153.0
IAH,TX,GSP,SC,138.0
IAH,TX,HNL,HI,490.0
IAH,TX,HOB,NM,101.0
IAH,TX,HRL,TX,76.0
IAH,TX,HSV,AL,117.0
IAH,TX,IAD,VA,186.0
IAH,TX,ICT,KS,109.0
IAH,TX,IND,IN,138.0
IAH,TX,JAN,MS,88.0
IAH,TX,JAX,FL,142.0
IAH,TX,JFK,NY,224.0
IAH,TX,LAS,NV,190.0
IAH,TX,LAX,CA,207.0
IAH,TX,LBB,TX,99.0
IAH,TX,LCH,LA,54.0
IAH,TX,LFT,LA,67.0
IAH,TX,LGA,NY,221.0
IAH,TX,LIT,AR,90.0
IAH,TX,LNK,NE,132.0
IAH,TX,LRD,TX,78.0
IAH,TX,MAF,TX,88.0
IAH,TX,MCI,MO,122.0
IAH,TX,MCO,FL,148.0
IAH,TX,MDW,IL,148.0
IAH,TX,MEI,MS,99.0
IAH,TX,MEM,TN,101.0
IAH,TX,MFE,TX,79.0
IAH,TX,MIA,FL,159.0
IAH,TX,MKE,WI,165.0
IAH,TX,MOB,AL,91.0
IAH,TX,MSP,MN,168.0
IAH,TX,MSY,LA,73.0
IAH,TX,MTJ,CO,162.0
IAH,TX,OKC,OK,91.0
IAH,TX,OMA,NE,136.0
IAH,TX,ORD,IL,165.0
IAH,TX,ORF,VA,179.0
IAH,TX,PDX,OR,261.0
IAH,TX,PHL,PA,200.0
IAH,TX,PHX,AZ,171.0
IAH,TX,PIB,MS,90.0
IAH,TX,PIT,PA,168.0
IAH,TX,PNS,FL,99.0
IAH,TX,RDU,NC,165.0
IAH,TX,RIC,VA,175.0
IAH,TX,RSW,FL,137.0
IAH,TX,SAN,CA,194.0
IAH,TX,SAT,TX,63.0
IAH,TX,SAV,GA,148.0
IAH,TX,SDF,KY,137.0
IAH,TX,SEA,WA,281.0
IAH,TX,SFO,CA,241.0
IAH,TX,SGF,MO,108.0
IAH,TX,SHV,LA,65.0
IAH,TX,SJC,CA,237.0
IAH,TX,SLC,UT,188.0
IAH,TX,SMF,CA,236.0
IAH,TX,SNA,CA,204.0
IAH,TX,STL,MO,123.0
IAH,TX,TPA,FL,138.0
IAH,TX,TUL,OK,96.0
IAH,TX,TUS,AZ,154.0
IAH,TX,TYS,TN,142.0
IAH,TX,VCT,TX,78.0
IAH,TX,XNA,AR,104.0
ICT,KS,ATL,GA,132.0
ICT,KS,DEN,CO,95.0
ICT,KS,DFW,TX,79.0
ICT,KS,IAH,TX,109.0
ICT,KS,MSP,MN,113.0
ICT,KS,ORD,IL,120.0
ICT,KS,SEA,WA,230.0
ICT,KS,STL,MO,78.0
IDA,ID,DEN,CO,103.0
IDA,ID,DFW,TX,172.0
IDA,ID,SEA,WA,118.0
IDA,ID,SLC,UT,63.0
ILM,NC,ATL,GA,93.0
ILM,NC,BOS,MA,120.0
ILM,NC,CLT,NC,70.0
ILM,NC,DCA,VA,82.0
ILM,NC,DFW,TX,193.0
ILM,NC,EWR,NJ,117.0
ILM,NC,LGA,NY,106.0
ILM,NC,ORD,IL,156.0
ILM,NC,PHL,PA,96.0
IMT,MI,DTW,MI,81.0
IMT,MI,MSP,MN,72.0
IND,IN,ATL,GA,95.0
IND,IN,AUS,TX,144.0
IND,IN,BOS,MA,145.0
IND,IN,BWI,MD,95.0
IND,IN,CLT,NC,99.0
IND,IN,DAL,TX,125.0
IND,IN,DCA,VA,103.0
IND,IN,DEN,CO,162.0
IND,IN,DFW,TX,138.0
IND,IN,DTW,MI,74.0
IND,IN,EWR,NJ,132.0
IND,IN,FLL,FL,155.0
IND,IN,HOU,TX,145.0
IND,IN,IAD,VA,99.0
IND,IN,IAH,TX,145.0
IND,IN,JFK,NY,140.0
IND,IN,LAS,NV,233.0
IND,IN,LAX,CA,258.0
IND,IN,LGA,NY,126.0
IND,IN,MCI,MO,88.0
IND,IN,MCO,FL,140.0
IND,IN,MIA,FL,164.0
IND,IN,MSP,MN,105.0
IND,IN,ORD,IL,75.0
IND,IN,PHL,PA,111.0
IND,IN,PHX,AZ,221.0
IND,IN,RDU,NC,104.0
IND,IN,RSW,FL,145.0
IND,IN,SEA,WA,285.0
IND,IN,SFO,CA,282.0
IND,IN,TPA,FL,132.0
INL,MN,MSP,MN,70.0
ISP,NY,BWI,MD,73.0
ISP,NY,FLL,FL,184.0
ISP,NY,MCO,FL,170.0
ISP,NY,MYR,SC,113.0
ISP,NY,PBI,FL,175.0
ISP,NY,TPA,FL,177.0
ITH,NY,EWR,NJ,72.0
ITH,NY,JFK,NY,70.0
ITO,HI,HNL,HI,56.0
ITO,HI,OGG,HI,40.0
JAC,WY,ATL,GA,227.0
JAC,WY,DEN,CO,95.0
JAC,WY,DFW,TX,168.0
JAC,WY,EWR,NJ,252.0
JAC,WY,LAX,CA,149.0
JAC,WY,ORD,IL,182.0
JAC,WY,SFO,CA,156.0
JAC,WY,SLC,UT,62.0
JAN,MS,ATL,GA,84.0
JAN,MS,BWI,MD,140.0
JAN,MS,CLT,NC,117.0
JAN,MS,DCA,VA,152.0
JAN,MS,DFW,TX,101.0
JAN,MS,HOU,TX,77.0
JAN,MS,IAH,TX,89.0
JAX,FL,ATL,GA,76.0
JAX,FL,AUS,TX,158.0
JAX,FL,BNA,TN,92.0
JAX,FL,BOS,MA,163.0
JAX,FL,BWI,MD,115.0
JAX,FL,CLT,NC,83.0
JAX,FL,DCA,VA,114.0
JAX,FL,DEN,CO,216.0
JAX,FL,DFW,TX,161.0
JAX,FL,DTW,MI,136.0
JAX,FL,EWR,NJ,142.0
JAX,FL,FLL,FL,78.0
JAX,FL,HOU,TX,135.0
JAX,FL,IAD,VA,111.0
JAX,FL,IAH,TX,145.0
JAX,FL,JFK,NY,154.0
JAX,FL,LGA,NY,141.0
JAX,FL,MDW,IL,145.0
JAX,FL,MIA,FL,80.0
JAX,FL,MSP,MN,192.0
JAX,FL,ORD,IL,156.0
JAX,FL,PHL,PA,125.0
JAX,FL,STL,MO,120.0
JFK,NY,ABQ,NM,295.0
JFK,NY,ACK,MA,75.0
JFK,NY,ATL,GA,156.0
JFK,NY,AUS,TX,244.0
JFK,NY,BGR,ME,100.0
JFK,NY,BNA,TN,162.0
JFK,NY,BOS,MA,88.0
JFK,NY,BTV,VT,92.0
JFK,NY,BUF,NY,94.0
JFK,NY,BUR,CA,370.0
JFK,NY,BWI,MD,92.0
JFK,NY,BZN,MT,290.0
JFK,NY,CHS,SC,141.0
JFK,NY,CLE,OH,125.0
JFK,NY,CLT,NC,137.0
JFK,NY,CMH,OH,122.0
JFK,NY,CVG,KY,138.0
JFK,NY,DCA,VA,104.0
JFK,NY,DEN,CO,279.0
JFK,NY,DFW,TX,236.0
JFK,NY,DTW,MI,130.0
JFK,NY,FLL,FL,194.0
JFK,NY,HNL,HI,655.0
JFK,NY,HYA,MA,77.0
JFK,NY,IAD,VA,100.0
JFK,NY,IAH,TX,232.0
JFK,NY,IND,IN,151.0
JFK,NY,ITH,NY,77.0
JFK,NY,JAX,FL,165.0
JFK,NY,LAS,NV,341.0
JFK,NY,LAX,CA,365.0
JFK,NY,MCI,MO,212.0
JFK,NY,MCO,FL,178.0
JFK,NY,MIA,FL,195.0
JFK,NY,MKE,WI,166.0
JFK,NY,MSP,MN,206.0
JFK,NY,MSY,LA,206.0
JFK,NY,MVY,MA,68.0
JFK,NY,ONT,CA,364.0
JFK,NY,ORD,IL,173.0
JFK,NY,ORF,VA,97.0
JFK,NY,ORH,MA,68.0
JFK,NY,PBI,FL,189.0
JFK,NY,PDX,OR,379.0
JFK,NY,PHX,AZ,326.0
JFK,NY,PIT,PA,115.0
JFK,NY,PWM,ME,97.0
JFK,NY,RDU,NC,118.0
JFK,NY,RIC,VA,105.0
JFK,NY,RNO,NV,369.0
JFK,NY,ROC,NY,98.0
JFK,NY,RSW,FL,189.0
JFK,NY,SAN,CA,362.0
JFK,NY,SAT,TX,246.0
JFK,NY,SAV,GA,153.0
JFK,NY,SEA,WA,382.0
JFK,NY,SFO,CA,393.0
JFK,NY,SJC,CA,389.0
JFK,NY,SLC,UT,325.0
JFK,NY,SMF,CA,387.0
JFK,NY,SNA,CA,371.0
JFK,NY,SRQ,FL,172.0
JFK,NY,SYR,NY,91.0
JFK,NY,TPA,FL,185.0
JLN,MO,DEC,IL,80.0
JMS,ND,DVL,ND,42.0
JNU,AK,ANC,AK,104.0
JNU,AK,GST,AK,36.0
JNU,AK,KTN,AK,57.0
JNU,AK,PSG,AK,46.0
JNU,AK,SEA,WA,145.0
JNU,AK,SIT,AK,42.0
JNU,AK,YAK,AK,59.0
JST,PA,IAD,VA,52.0
JST,PA,ORD,IL,118.0
KOA,HI,DEN,CO,410.0
KOA,HI,HNL,HI,50.0
KOA,HI,LAS,NV,335.0
KOA,HI,LAX,CA,323.0
KOA,HI,LIH,HI,54.0
KOA,HI,OAK,CA,300.0
KOA,HI,OGG,HI,38.0
KOA,HI,PDX,OR,334.0
KOA,HI,PHX,AZ,353.0
KOA,HI,SAN,CA,324.0
KOA,HI,SEA,WA,352.0
KOA,HI,SFO,CA,302.0
KOA,HI,SJC,CA,300.0
KTN,AK,JNU,AK,57.0
KTN,AK,SEA,WA,119.0
KTN,AK,SIT,AK,53.0
KTN,AK,WRG,AK,41.0
LAN,MI,DCA,VA,99.0
LAN,MI,DTW,MI,48.0
LAN,MI,ORD,IL,69.0
LAR,WY,DEN,CO,55.0
LAS,NV,ABQ,NM,90.0
LAS,NV,AMA,TX,125.0
LAS,NV,ATL,GA,246.0
LAS,NV,AUS,TX,167.0
LAS,NV,BLI,WA,150.0
LAS,NV,BNA,TN,222.0
LAS,NV,BOI,ID,104.0
LAS,NV,BOS,MA,310.0
LAS,NV,BUR,CA,68.0
LAS,NV,BWI,MD,274.0
LAS,NV,BZN,MT,122.0
LAS,NV,CLE,OH,247.0
LAS,NV,CLT,NC,268.0
LAS,NV,CMH,OH,237.0
LAS,NV,COS,CO,111.0
LAS,NV,CVG,KY,236.0
LAS,NV,DAL,TX,164.0
LAS,NV,DCA,VA,287.0
LAS,NV,DEN,CO,119.0
LAS,NV,DFW,TX,170.0
LAS,NV,DTW,MI,242.0
LAS,NV,ELP,TX,103.0
LAS,NV,EUG,OR,125.0
LAS,NV,EWR,NJ,300.0
LAS,NV,FAT,CA,75.0
LAS,NV,FLL,FL,286.0
LAS,NV,GEG,WA,140.0
LAS,NV,HNL,HI,377.0
LAS,NV,HOU,TX,186.0
LAS,NV,IAD,VA,279.0
LAS,NV,IAH,TX,189.0
LAS,NV,IND,IN,216.0
LAS,NV,JFK,NY,314.0
LAS,NV,KOA,HI,365.0
LAS,NV,LAX,CA,77.0
LAS,NV,LBB,TX,120.0
LAS,NV,LGB,CA,67.0
LAS,NV,LIH,HI,385.0
LAS,NV,MAF,TX,130.0
LAS,NV,MCI,MO,164.0
LAS,NV,MCO,FL,283.0
LAS,NV,MDW,IL,212.0
LAS,NV,MFE,TX,183.0
LAS,NV,MIA,FL,301.0
LAS,NV,MKE,WI,214.0
LAS,NV,MSP,MN,189.0
LAS,NV,MSY,LA,208.0
LAS,NV,OAK,CA,90.0
LAS,NV,OGG,HI,365.0
LAS,NV,OKC,OK,150.0
LAS,NV,OMA,NE,155.0
LAS,NV,ONT,CA,62.0
LAS,NV,ORD,IL,223.0
LAS,NV,PAE,WA,159.0
LAS,NV,PDX,OR,134.0
LAS,NV,PHL,PA,289.0
LAS,NV,PHX,AZ,76.0
LAS,NV,PIT,PA,250.0
LAS,NV,PSP,CA,62.0
LAS,NV,RDU,NC,272.0
LAS,NV,RIC,VA,263.0
LAS,NV,RNO,NV,83.0
LAS,NV,SAN,CA,69.0
LAS,NV,SAT,TX,156.0
LAS,NV,SBA,CA,77.0
LAS,NV,SCK,CA,78.0
LAS,NV,SDF,KY,225.0
LAS,NV,SEA,WA,157.0
LAS,NV,SFO,CA,95.0
LAS,NV,SJC,CA,85.0
LAS,NV,SLC,UT,84.0
LAS,NV,SMF,CA,90.0
LAS,NV,SNA,CA,71.0
LAS,NV,STL,MO,194.0
LAS,NV,TPA,FL,267.0
LAS,NV,TUL,OK,160.0
LAS,NV,TUS,AZ,82.0
LAW,OK,DFW,TX,61.0
LAX,CA,ABQ,NM,117.0
LAX,CA,ACV,CA,119.0
LAX,CA,ANC,AK,326.0
LAX,CA,ASE,CO,127.0
LAX,CA,ATL,GA,272.0
LAX,CA,AUS,TX,184.0
LAX,CA,BDL,CT,329.0
LAX,CA,BNA,TN,250.0
LAX,CA,BOI,ID,120.0
LAX,CA,BOS,MA,342.0
LAX,CA,BWI,MD,305.0
LAX,CA,BZN,MT,152.0
LAX,CA,CHS,SC,301.0
LAX,CA,CLE,OH,274.0
LAX,CA,CLT,NC,295.0
LAX,CA,CMH,OH,270.0
LAX,CA,CVG,KY,253.0
LAX,CA,DAL,TX,192.0
LAX,CA,DCA,VA,310.0
LAX,CA,DEN,CO,145.0
LAX,CA,DFW,TX,195.0
LAX,CA,DTW,MI,269.0
LAX,CA,ELP,TX,122.0
LAX,CA,EUG,OR,132.0
LAX,CA,EWR,NJ,331.0
LAX,CA,FAT,CA,71.0
LAX,CA,FCA,MT,169.0
LAX,CA,FLL,FL,314.0
LAX,CA,GEG,WA,152.0
LAX,CA,HNL,HI,345.0
LAX,CA,HOU,TX,199.0
LAX,CA,IAD,VA,303.0
LAX,CA,IAH,TX,206.0
LAX,CA,IND,IN,249.0
LAX,CA,JAC,WY,134.0
LAX,CA,JFK,NY,341.0
LAX,CA,KOA,HI,336.0
LAX,CA,LAS,NV,76.0
LAX,CA,LIH,HI,358.0
LAX,CA,MCI,MO,195.0
LAX,CA,MCO,FL,307.0
LAX,CA,MDW,IL,237.0
LAX,CA,MEM,TN,228.0
LAX,CA,MFR,OR,112.0
LAX,CA,MIA,FL,322.0
LAX,CA,MRY,CA,80.0
LAX,CA,MSO,MT,151.0
LAX,CA,MSP,MN,219.0
LAX,CA,MSY,LA,233.0
LAX,CA,OAK,CA,76.0
LAX,CA,OGG,HI,347.0
LAX,CA,OKC,OK,187.0
LAX,CA,OMA,NE,194.0
LAX,CA,ORD,IL,252.0
LAX,CA,PAE,WA,161.0
LAX,CA,PDX,OR,140.0
LAX,CA,PHL,PA,319.0
LAX,CA,PHX,AZ,91.0
LAX,CA,PIT,PA,277.0
LAX,CA,PRC,AZ,82.0
LAX,CA,RDD,CA,98.0
LAX,CA,RDM,OR,142.0
LAX,CA,RDU,NC,308.0
LAX,CA,RNO,NV,87.0
LAX,CA,SAN,CA,59.0
LAX,CA,SAT,TX,179.0
LAX,CA,SBA,CA,52.0
LAX,CA,SBP,CA,64.0
LAX,CA,SDF,KY,251.0
LAX,CA,SEA,WA,168.0
LAX,CA,SFO,CA,85.0
LAX,CA,SJC,CA,73.0
LAX,CA,SLC,UT,114.0
LAX,CA,SMF,CA,86.0
LAX,CA,STL,MO,217.0
LAX,CA,STS,CA,95.0
LAX,CA,SUN,ID,133.0
LAX,CA,TPA,FL,296.0
LAX,CA,TUL,OK,204.0
LAX,CA,TUS,AZ,93.0
LAX,CA,XNA,AR,212.0
LBB,TX,AUS,TX,70.0
LBB,TX,DAL,TX,74.0
LBB,TX,DEN,CO,98.0
LBB,TX,DFW,TX,83.0
LBB,TX,IAH,TX,105.0
LBB,TX,LAS,NV,125.0
LBB,TX,PHX,AZ,124.0
LBE,PA,MCO,FL,141.0
LBE,PA,MYR,SC,88.0
LBF,NE,DEN,CO,74.0
LBL,KS,DDC,KS,46.0
LCH,LA,DFW,TX,84.0
LCH,LA,IAH,TX,56.0
LEX,KY,ATL,GA,88.0
LEX,KY,CLT,NC,91.0
LEX,KY,DCA,VA,92.0
LEX,KY,DFW,TX,144.0
LEX,KY,DTW,MI,82.0
LEX,KY,ORD,IL,96.0
LEX,KY,PHL,PA,113.0
LFT,LA,ATL,GA,115.0
LFT,LA,CLT,NC,139.0
LFT,LA,DFW,TX,96.0
LFT,LA,IAH,TX,73.0
LGA,NY,ACK,MA,77.0
LGA,NY,ALB,NY,67.0
LGA,NY,ATL,GA,154.0
LGA,NY,AVL,NC,132.0
LGA,NY,BDL,CT,66.0
LGA,NY,BGM,NY,65.0
LGA,NY,BGR,ME,104.0
LGA,NY,BHM,AL,160.0
LGA,NY,BNA,TN,152.0
LGA,NY,BOS,MA,86.0
LGA,NY,BTV,VT,92.0
LGA,NY,BUF,NY,93.0
LGA,NY,CAE,SC,123.0
LGA,NY,CHO,VA,97.0
LGA,NY,CHS,SC,139.0
LGA,NY,CLE,OH,113.0
LGA,NY,CLT,NC,131.0
LGA,NY,CMH,OH,115.0
LGA,NY,CVG,KY,140.0
LGA,NY,DAL,TX,218.0
LGA,NY,DAY,OH,122.0
LGA,NY,DCA,VA,87.0
LGA,NY,DEN,CO,261.0
LGA,NY,DFW,TX,231.0
LGA,NY,DSM,IA,180.0
LGA,NY,DTW,MI,123.0
LGA,NY,FLL,FL,192.0
LGA,NY,GRR,MI,136.0
LGA,NY,GSO,NC,121.0
LGA,NY,GSP,SC,128.0
LGA,NY,HHH,SC,150.0
LGA,NY,HOU,TX,223.0
LGA,NY,HYA,MA,69.0
LGA,NY,IAD,VA,94.0
LGA,NY,IAH,TX,235.0
LGA,NY,ILM,NC,121.0
LGA,NY,IND,IN,141.0
LGA,NY,JAX,FL,164.0
LGA,NY,LIT,AR,190.0
LGA,NY,MCI,MO,195.0
LGA,NY,MCO,FL,176.0
LGA,NY,MDW,IL,143.0
LGA,NY,MEM,TN,181.0
LGA,NY,MIA,FL,195.0
LGA,NY,MKE,WI,150.0
LGA,NY,MSN,WI,155.0
LGA,NY,MSP,MN,190.0
LGA,NY,MSY,LA,192.0
LGA,NY,MVY,MA,76.0
LGA,NY,MYR,SC,118.0
LGA,NY,OKC,OK,224.0
LGA,NY,OMA,NE,204.0
LGA,NY,ORD,IL,161.0
LGA,NY,ORF,VA,97.0
LGA,NY,ORH,MA,77.0
LGA,NY,PBI,FL,187.0
LGA,NY,PIT,PA,101.0
LGA,NY,PVD,RI,66.0
LGA,NY,PWM,ME,90.0
LGA,NY,RDU,NC,110.0
LGA,NY,RIC,VA,98.0
LGA,NY,ROA,VA,108.0
LGA,NY,ROC,NY,89.0
LGA,NY,RSW,FL,200.0
LGA,NY,SAV,GA,150.0
LGA,NY,SDF,KY,145.0
LGA,NY,SRQ,FL,185.0
LGA,NY,STL,MO,170.0
LGA,NY,SYR,NY,84.0
LGA,NY,TPA,FL,182.0
LGA,NY,TUL,OK,206.0
LGA,NY,TVC,MI,144.0
LGA,NY,TYS,TN,139.0
LGA,NY,XNA,AR,200.0
LGB,CA,AUS,TX,180.0
LGB,CA,BNA,TN,245.0
LGB,CA,COS,CO,135.0
LGB,CA,DAL,TX,185.0
LGB,CA,DEN,CO,140.0
LGB,CA,ELP,TX,120.0
LGB,CA,HNL,HI,350.0
LGB,CA,HOU,TX,200.0
LGB,CA,LAS,NV,68.0
LGB,CA,MCI,MO,190.0
LGB,CA,MDW,IL,232.0
LGB,CA,OAK,CA,75.0
LGB,CA,OGG,HI,338.0
LGB,CA,PHX,AZ,82.0
LGB,CA,RNO,NV,78.0
LGB,CA,SJC,CA,69.0
LGB,CA,SLC,UT,114.0
LGB,CA,SMF,CA,79.0
LGB,CA,STL,MO,215.0
LIH,HI,DEN,CO,412.0
LIH,HI,HNL,HI,39.0
LIH,HI,KOA,HI,52.0
LIH,HI,LAS,NV,350.0
LIH,HI,LAX,CA,336.0
LIH,HI,OAK,CA,310.0
LIH,HI,OGG,HI,51.0
LIH,HI,PHX,AZ,367.0
LIH,HI,SAN,CA,336.0
LIH,HI,SEA,WA,349.0
LIH,HI,SFO,CA,311.0
LIH,HI,SJC,CA,305.0
LIT,AR,ATL,GA,92.0
LIT,AR,CLT,NC,122.0
LIT,AR,DAL,TX,68.0
LIT,AR,DCA,VA,148.0
LIT,AR,DEN,CO,145.0
LIT,AR,DFW,TX,83.0
LIT,AR,IAH,TX,92.0
LIT,AR,LGA,NY,172.0
LIT,AR,ORD,IL,119.0
LIT,AR,STL,MO,72.0
LNK,NE,DEN,CO,103.0
LNK,NE,IAH,TX,135.0
LNK,NE,ORD,IL,111.0
LRD,TX,DFW,TX,92.0
LRD,TX,IAH,TX,82.0
LSE,WI,ORD,IL,75.0
LWS,ID,DEN,CO,144.0
LWS,ID,SLC,UT,95.0
LYH,VA,CLT,NC,78.0
MAF,TX,AUS,TX,65.0
MAF,TX,DAL,TX,76.0
MAF,TX,DEN,CO,112.0
MAF,TX,DFW,TX,80.0
MAF,TX,HOU,TX,85.0
MAF,TX,IAH,TX,89.0
MAF,TX,LAS,NV,125.0
MAF,TX,PHX,AZ,112.0
MBS,MI,DTW,MI,53.0
MBS,MI,ORD,IL,75.0
MCI,MO,ABQ,NM,120.0
MCI,MO,ATL,GA,121.0
MCI,MO,AUS,TX,108.0
MCI,MO,BNA,TN,92.0
MCI,MO,BOS,MA,185.0
MCI,MO,BWI,MD,145.0
MCI,MO,CLT,NC,135.0
MCI,MO,DAL,TX,89.0
MCI,MO,DCA,VA,148.0
MCI,MO,DEN,CO,107.0
MCI,MO,DFW,TX,99.0
MCI,MO,DTW,MI,113.0
MCI,MO,EWR,NJ,172.0
MCI,MO,FLL,FL,185.0
MCI,MO,HOU,TX,117.0
MCI,MO,IAD,VA,153.0
MCI,MO,IAH,TX,117.0
MCI,MO,IND,IN,88.0
MCI,MO,JFK,NY,179.0
MCI,MO,LAS,NV,171.0
MCI,MO,LAX,CA,203.0
MCI,MO,LGA,NY,175.0
MCI,MO,LGB,CA,195.0
MCI,MO,MCO,FL,164.0
MCI,MO,MDW,IL,81.0
MCI,MO,MIA,FL,189.0
MCI,MO,MKE,WI,90.0
MCI,MO,MSP,MN,82.0
MCI,MO,MSY,LA,110.0
MCI,MO,OAK,CA,215.0
MCI,MO,ORD,IL,96.0
MCI,MO,PDX,OR,237.0
MCI,MO,PHL,PA,162.0
MCI,MO,PHX,AZ,163.0
MCI,MO,PNS,FL,120.0
MCI,MO,SAN,CA,188.0
MCI,MO,SAT,TX,115.0
MCI,MO,SEA,WA,234.0
MCI,MO,SFO,CA,223.0
MCI,MO,SLC,UT,159.0
MCI,MO,STL,MO,60.0
MCI,MO,TPA,FL,152.0
MCO,FL,ACY,NJ,142.0
MCO,FL,ALB,NY,170.0
MCO,FL,ATL,GA,97.0
MCO,FL,AUS,TX,160.0
MCO,FL,BDL,CT,167.0
MCO,FL,BHM,AL,92.0
MCO,FL,BNA,TN,119.0
MCO,FL,BOS,MA,186.0
MCO,FL,BUF,NY,164.0
MCO,FL,BWI,MD,136.0
MCO,FL,CLE,OH,148.0
MCO,FL,CLT,NC,108.0
MCO,FL,CMH,OH,136.0
MCO,FL,CVG,KY,136.0
MCO,FL,DAL,TX,154.0
MCO,FL,DCA,VA,137.0
MCO,FL,DEN,CO,237.0
MCO,FL,DFW,TX,170.0
MCO,FL,DTW,MI,161.0
MCO,FL,EWR,NJ,167.0
MCO,FL,FLL,FL,68.0
MCO,FL,HOU,TX,141.0
MCO,FL,HPN,NY,169.0
MCO,FL,IAD,VA,136.0
MCO,FL,IAH,TX,149.0
MCO,FL,IND,IN,144.0
MCO,FL,ISP,NY,159.0
MCO,FL,JFK,NY,169.0
MCO,FL,LAS,NV,292.0
MCO,FL,LAX,CA,309.0
MCO,FL,LBE,PA,142.0
MCO,FL,LGA,NY,163.0
MCO,FL,MCI,MO,168.0
MCO,FL,MDW,IL,162.0
MCO,FL,MEM,TN,124.0
MCO,FL,MHT,NH,177.0
MCO,FL,MIA,FL,70.0
MCO,FL,MKE,WI,167.0
MCO,FL,MSP,MN,210.0
MCO,FL,MSY,LA,103.0
MCO,FL,MYR,SC,94.0
MCO,FL,OMA,NE,185.0
MCO,FL,ONT,CA,300.0
MCO,FL,ORD,IL,185.0
MCO,FL,ORF,VA,122.0
MCO,FL,ORH,MA,169.0
MCO,FL,PDX,OR,352.0
MCO,FL,PHL,PA,153.0
MCO,FL,PHX,AZ,267.0
MCO,FL,PIT,PA,138.0
MCO,FL,PNS,FL,86.0
MCO,FL,PVD,RI,166.0
MCO,FL,RDU,NC,110.0
MCO,FL,RIC,VA,125.0
MCO,FL,ROC,NY,163.0
MCO,FL,RSW,FL,55.0
MCO,FL,SAN,CA,294.0
MCO,FL,SAT,TX,160.0
MCO,FL,SDF,KY,128.0
MCO,FL,SEA,WA,365.0
MCO,FL,SFO,CA,337.0
MCO,FL,SLC,UT,282.0
MCO,FL,STL,MO,146.0
MCO,FL,SYR,NY,168.0
MCO,FL,TTN,NJ,152.0
MCW,IA,ORD,IL,100.0
MDT,PA,ATL,GA,118.0
MDT,PA,BOS,MA,88.0
MDT,PA,CLT,NC,98.0
MDT,PA,DFW,TX,199.0
MDT,PA,DTW,MI,90.0
MDT,PA,EWR,NJ,71.0
MDT,PA,ORD,IL,129.0
MDT,PA,PHL,PA,51.0
MDW,IL,ABQ,NM,170.0
MDW,IL,ALB,NY,112.0
MDW,IL,ATL,GA,112.0
MDW,IL,AUS,TX,150.0
MDW,IL,BDL,CT,122.0
MDW,IL,BHM,AL,100.0
MDW,IL,BNA,TN,85.0
MDW,IL,BOS,MA,131.0
MDW,IL,BUF,NY,85.0
MDW,IL,BUR,CA,248.0
MDW,IL,BWI,MD,106.0
MDW,IL,CHS,SC,122.0
MDW,IL,CLE,OH,71.0
MDW,IL,CLT,NC,112.0
MDW,IL,CMH,OH,69.0
MDW,IL,COS,CO,145.0
MDW,IL,CVG,KY,65.0
MDW,IL,DAL,TX,131.0
MDW,IL,DCA,VA,105.0
MDW,IL,DEN,CO,152.0
MDW,IL,DFW,TX,142.0
MDW,IL,DTW,MI,68.0
MDW,IL,FLL,FL,177.0
MDW,IL,GRR,MI,52.0
MDW,IL,HOU,TX,152.0
MDW,IL,IAD,VA,102.0
MDW,IL,IAH,TX,152.0
MDW,IL,JAX,FL,130.0
MDW,IL,LAS,NV,223.0
MDW,IL,LAX,CA,252.0
MDW,IL,LGA,NY,125.0
MDW,IL,LGB,CA,245.0
MDW,IL,MCI,MO,81.0
MDW,IL,MCO,FL,152.0
MDW,IL,MEM,TN,92.0
MDW,IL,MHT,NH,125.0
MDW,IL,MIA,FL,179.0
MDW,IL,MSP,MN,87.0
MDW,IL,MSY,LA,132.0
MDW,IL,MYR,SC,115.0
MDW,IL,OAK,CA,265.0
MDW,IL,OKC,OK,115.0
MDW,IL,OMA,NE,84.0
MDW,IL,ONT,CA,240.0
MDW,IL,ORF,VA,115.0
MDW,IL,PDX,OR,252.0
MDW,IL,PHL,PA,113.0
MDW,IL,PHX,AZ,213.0
MDW,IL,PIT,PA,79.0
MDW,IL,PVD,RI,128.0
MDW,IL,PWM,ME,130.0
MDW,IL,RDU,NC,109.0
MDW,IL,RIC,VA,110.0
MDW,IL,ROC,NY,90.0
MDW,IL,RSW,FL,167.0
MDW,IL,SAN,CA,241.0
MDW,IL,SAT,TX,158.0
MDW,IL,SAV,GA,125.0
MDW,IL,SDF,KY,69.0
MDW,IL,SEA,WA,265.0
MDW,IL,SFO,CA,277.0
MDW,IL,SJC,CA,262.0
MDW,IL,SLC,UT,202.0
MDW,IL,SMF,CA,260.0
MDW,IL,SRQ,FL,155.0
MDW,IL,STL,MO,66.0
MDW,IL,TPA,FL,153.0
MDW,IL,TUL,OK,102.0
MEI,MS,IAH,TX,104.0
MEM,TN,ATL,GA,82.0
MEM,TN,AUS,TX,106.0
MEM,TN,BOS,MA,184.0
MEM,TN,CLT,NC,108.0
MEM,TN,DAL,TX,85.0
MEM,TN,DCA,VA,135.0
MEM,TN,DEN,CO,152.0
MEM,TN,DFW,TX,98.0
MEM,TN,DTW,MI,114.0
MEM,TN,EWR,NJ,164.0
MEM,TN,HOU,TX,100.0
MEM,TN,IAH,TX,103.0
MEM,TN,LAX,CA,229.0
MEM,TN,LGA,NY,170.0
MEM,TN,MCO,FL,134.0
MEM,TN,MDW,IL,95.0
MEM,TN,MIA,FL,143.0
MEM,TN,MSP,MN,129.0
MEM,TN,ORD,IL,116.0
MEM,TN,PHL,PA,146.0
MEM,TN,PHX,AZ,199.0
MEM,TN,SLC,UT,197.0
MFE,TX,DFW,TX,102.0
MFE,TX,IAH,TX,80.0
MFE,TX,LAS,NV,177.0
MFR,OR,DEN,CO,148.0
MFR,OR,LAX,CA,124.0
MFR,OR,PDX,OR,64.0
MFR,OR,PHX,AZ,147.0
MFR,OR,SEA,WA,84.0
MFR,OR,SFO,CA,83.0
MFR,OR,SLC,UT,111.0
MGM,AL,ATL,GA,70.0
MGM,AL,CLT,NC,94.0
MGM,AL,DCA,VA,129.0
MGM,AL,DFW,TX,130.0
MHT,NH,BWI,MD,91.0
MHT,NH,CLT,NC,144.0
MHT,NH,DCA,VA,108.0
MHT,NH,EWR,NJ,94.0
MHT,NH,MCO,FL,194.0
MHT,NH,MDW,IL,148.0
MHT,NH,MYR,SC,141.0
MHT,NH,ORD,IL,162.0
MHT,NH,PHL,PA,93.0
MIA,FL,ATL,GA,120.0
MIA,FL,AUS,TX,181.0
MIA,FL,AVL,NC,119.0
MIA,FL,BDL,CT,196.0
MIA,FL,BHM,AL,120.0
MIA,FL,BNA,TN,142.0
MIA,FL,BOS,MA,207.0
MIA,FL,BWI,MD,159.0
MIA,FL,CAE,SC,113.0
MIA,FL,CHS,SC,110.0
MIA,FL,CLE,OH,175.0
MIA,FL,CLT,NC,131.0
MIA,FL,CMH,OH,175.0
MIA,FL,CVG,KY,166.0
MIA,FL,DAL,TX,180.0
MIA,FL,DCA,VA,161.0
MIA,FL,DEN,CO,259.0
MIA,FL,DFW,TX,191.0
MIA,FL,DTW,MI,184.0
MIA,FL,EWR,NJ,191.0
MIA,FL,EYW,FL,57.0
MIA,FL,GNV,FL,73.0
MIA,FL,GSO,NC,145.0
MIA,FL,GSP,SC,126.0
MIA,FL,HOU,TX,157.0
MIA,FL,IAD,VA,154.0
MIA,FL,IAH,TX,168.0
MIA,FL,IND,IN,170.0
MIA,FL,JAX,FL,81.0
MIA,FL,JFK,NY,190.0
MIA,FL,LAS,NV,311.0
MIA,FL,LAX,CA,327.0
MIA,FL,LGA,NY,187.0
MIA,FL,LIT,AR,167.0
MIA,FL,MCI,MO,202.0
MIA,FL,MCO,FL,72.0
MIA,FL,MDW,IL,193.0
MIA,FL,MEM,TN,145.0
MIA,FL,MSP,MN,232.0
MIA,FL,MSY,LA,126.0
MIA,FL,OKC,OK,197.0
MIA,FL,ORD,IL,206.0
MIA,FL,ORF,VA,149.0
MIA,FL,PHL,PA,172.0
MIA,FL,PHX,AZ,282.0
MIA,FL,PIT,PA,174.0
MIA,FL,PNS,FL,108.0
MIA,FL,RDU,NC,133.0
MIA,FL,RIC,VA,143.0
MIA,FL,SAN,CA,314.0
MIA,FL,SAT,TX,179.0
MIA,FL,SAV,GA,97.0
MIA,FL,SDF,KY,162.0
MIA,FL,SEA,WA,392.0
MIA,FL,SFO,CA,360.0
MIA,FL,SLC,UT,303.0
MIA,FL,STL,MO,174.0
MIA,FL,TLH,FL,87.0
MIA,FL,TPA,FL,67.0
MIA,FL,TYS,TN,133.0
MKE,WI,ATL,GA,120.0
MKE,WI,BNA,TN,90.0
MKE,WI,BOS,MA,140.0
MKE,WI,BWI,MD,108.0
MKE,WI,CLT,NC,122.0
MKE,WI,DAL,TX,135.0
MKE,WI,DCA,VA,108.0
MKE,WI,DEN,CO,158.0
MKE,WI,DFW,TX,149.0
MKE,WI,DTW,MI,71.0
MKE,WI,EWR,NJ,140.0
MKE,WI,IAH,TX,164.0
MKE,WI,JFK,NY,140.0
MKE,WI,LAS,NV,227.0
MKE,WI,LGA,NY,133.0
MKE,WI,MCI,MO,85.0
MKE,WI,MCO,FL,165.0
MKE,WI,MSP,MN,74.0
MKE,WI,ORD,IL,59.0
MKE,WI,PHL,PA,120.0
MKE,WI,PHX,AZ,213.0
MKE,WI,SEA,WA,261.0
MKE,WI,SLC,UT,201.0
MKE,WI,STL,MO,72.0
MKE,WI,TPA,FL,155.0
MLB,FL,ATL,GA,98.0
MLB,FL,CLT,NC,109.0
MLI,IL,ATL,GA,122.0
MLI,IL,DEN,CO,144.0
MLI,IL,DFW,TX,132.0
MLI,IL,ORD,IL,65.0
MLU,LA,ATL,GA,108.0
MLU,LA,DFW,TX,86.0
MOB,AL,ATL,GA,86.0
MOB,AL,CLT,NC,109.0
MOB,AL,DFW,TX,112.0
MOB,AL,IAH,TX,97.0
MOT,ND,DEN,CO,122.0
MOT,ND,MSP,MN,91.0
MQT,MI,DTW,MI,85.0
MQT,MI,ORD,IL,86.0
MRY,CA,DEN,CO,155.0
MRY,CA,DFW,TX,215.0
MRY,CA,LAX,CA,87.0
MRY,CA,PHX,AZ,118.0
MRY,CA,SAN,CA,86.0
MRY,CA,SEA,WA,130.0
MRY,CA,SFO,CA,46.0
MSN,WI,ATL,GA,126.0
MSN,WI,CLT,NC,132.0
MSN,WI,DCA,VA,126.0
MSN,WI,DEN,CO,149.0
MSN,WI,DFW,TX,144.0
MSN,WI,DTW,MI,78.0
MSN,WI,EWR,NJ,137.0
MSN,WI,LGA,NY,141.0
MSN,WI,MSP,MN,72.0
MSN,WI,ORD,IL,61.0
MSN,WI,PHL,PA,129.0
MSN,WI,PHX,AZ,216.0
MSO,MT,DEN,CO,122.0
MSO,MT,DFW,TX,201.0
MSO,MT,LAX,CA,175.0
MSO,MT,MSP,MN,152.0
MSO,MT,ORD,IL,196.0
MSO,MT,SEA,WA,90.0
MSO,MT,SFO,CA,147.0
MSO,MT,SLC,UT,93.0
MSP,MN,ABQ,NM,158.0
MSP,MN,ABR,SD,64.0
MSP,MN,ANC,AK,358.0
MSP,MN,ATL,GA,151.0
MSP,MN,ATW,WI,72.0
MSP,MN,AUS,TX,161.0
MSP,MN,BDL,CT,154.0
MSP,MN,BIL,MT,132.0
MSP,MN,BIS,ND,91.0
MSP,MN,BNA,TN,122.0
MSP,MN,BOI,ID,186.0
MSP,MN,BOS,MA,177.0
MSP,MN,BRD,MN,56.0
MSP,MN,BUF,NY,116.0
MSP,MN,BWI,MD,147.0
MSP,MN,BZN,MT,149.0
MSP,MN,CID,IA,72.0
MSP,MN,CIU,MI,87.0
MSP,MN,CLE,OH,115.0
MSP,MN,CLT,NC,154.0
MSP,MN,CMH,OH,113.0
MSP,MN,COS,CO,129.0
MSP,MN,CVG,KY,111.0
MSP,MN,CWA,WI,62.0
MSP,MN,DCA,VA,147.0
MSP,MN,DEN,CO,126.0
MSP,MN,DFW,TX,151.0
MSP,MN,DLH,MN,56.0
MSP,MN,DSM,IA,73.0
MSP,MN,DTW,MI,100.0
MSP,MN,ESC,MI,76.0
MSP,MN,EWR,NJ,160.0
MSP,MN,FAI,AK,347.0
MSP,MN,FAR,ND,67.0
MSP,MN,FCA,MT,174.0
MSP,MN,FLL,FL,211.0
MSP,MN,FSD,SD,68.0
MSP,MN,FWA,IN,101.0
MSP,MN,GEG,WA,188.0
MSP,MN,GFK,ND,78.0
MSP,MN,GRB,WI,68.0
MSP,MN,GRR,MI,84.0
MSP,MN,GTF,MT,154.0
MSP,MN,HIB,MN,58.0
MSP,MN,HNL,HI,515.0
MSP,MN,IAD,VA,150.0
MSP,MN,IAH,TX,170.0
MSP,MN,ICT,KS,111.0
MSP,MN,IMT,MI,69.0
MSP,MN,IND,IN,96.0
MSP,MN,INL,MN,73.0
MSP,MN,JAC,WY,152.0
MSP,MN,JAX,FL,171.0
MSP,MN,JFK,NY,181.0
MSP,MN,LAS,NV,203.0
MSP,MN,LAX,CA,233.0
MSP,MN,LGA,NY,166.0
MSP,MN,MCI,MO,87.0
MSP,MN,MCO,FL,196.0
MSP,MN,MDW,IL,90.0
MSP,MN,MEM,TN,120.0
MSP,MN,MIA,FL,218.0
MSP,MN,MKE,WI,73.0
MSP,MN,MOT,ND,100.0
MSP,MN,MSN,WI,63.0
MSP,MN,MSO,MT,174.0
MSP,MN,MSY,LA,152.0
MSP,MN,OKC,OK,128.0
MSP,MN,OMA,NE,78.0
MSP,MN,ORD,IL,97.0
MSP,MN,PDX,OR,220.0
MSP,MN,PHL,PA,157.0
MSP,MN,PHX,AZ,195.0
MSP,MN,PIT,PA,128.0
MSP,MN,PSC,WA,192.0
MSP,MN,PWM,ME,162.0
MSP,MN,RAP,SD,103.0
MSP,MN,RDU,NC,152.0
MSP,MN,RHI,WI,60.0
MSP,MN,RIC,VA,160.0
MSP,MN,RST,MN,42.0
MSP,MN,RSW,FL,204.0
MSP,MN,SAN,CA,230.0
MSP,MN,SAT,TX,165.0
MSP,MN,SAV,GA,154.0
MSP,MN,SBN,IN,84.0
MSP,MN,SDF,KY,118.0
MSP,MN,SEA,WA,232.0
MSP,MN,SFO,CA,249.0
MSP,MN,SJC,CA,245.0
MSP,MN,SLC,UT,172.0
MSP,MN,SMF,CA,228.0
MSP,MN,SNA,CA,233.0
MSP,MN,STL,MO,89.0
MSP,MN,TPA,FL,189.0
MSP,MN,TVC,MI,86.0
MSP,MN,VPS,FL,165.0
MSP,MN,XNA,AR,111.0
MSP,MN,XWA,ND,112.0
MSY,LA,ATL,GA,93.0
MSY,LA,AUS,TX,87.0
MSY,LA,BNA,TN,92.0
MSY,LA,BOS,MA,210.0
MSY,LA,BWI,MD,155.0
MSY,LA,CLT,NC,122.0
MSY,LA,DAL,TX,86.0
MSY,LA,DCA,VA,153.0
MSY,LA,DEN,CO,170.0
MSY,LA,DFW,TX,103.0
MSY,LA,DTW,MI,155.0
MSY,LA,EWR,NJ,184.0
MSY,LA,FLL,FL,117.0
MSY,LA,HOU,TX,72.0
MSY,LA,IAD,VA,153.0
MSY,LA,IAH,TX,79.0
MSY,LA,JFK,NY,199.0
MSY,LA,LAS,NV,210.0
MSY,LA,LAX,CA,239.0
MSY,LA,LGA,NY,181.0
MSY,LA,MCI,MO,115.0
MSY,LA,MCO,FL,109.0
MSY,LA,MDW,IL,135.0
MSY,LA,MIA,FL,124.0
MSY,LA,MSP,MN,163.0
MSY,LA,ORD,IL,155.0
MSY,LA,PHL,PA,172.0
MSY,LA,PHX,AZ,195.0
MSY,LA,SAT,TX,90.0
MSY,LA,SEA,WA,301.0
MSY,LA,SFO,CA,274.0
MSY,LA,SLC,UT,208.0
MSY,LA,STL,MO,100.0
MSY,LA,TPA,FL,90.0
MTJ,CO,DEN,CO,74.0
MTJ,CO,DFW,TX,127.0
MTJ,CO,IAH,TX,154.0
MTJ,CO,ORD,IL,181.0
MVY,MA,BOS,MA,48.0
MVY,MA,DCA,VA,99.0
MVY,MA,HPN,NY,67.0
MVY,MA,JFK,NY,72.0
MVY,MA,LGA,NY,77.0
MYR,SC,ACY,NJ,82.0
MYR,SC,ATL,GA,85.0
MYR,SC,BDL,CT,107.0
MYR,SC,BNA,TN,95.0
MYR,SC,BOS,MA,127.0
MYR,SC,BWI,MD,82.0
MYR,SC,CLE,OH,108.0
MYR,SC,CLT,NC,67.0
MYR,SC,DCA,VA,89.0
MYR,SC,DFW,TX,187.0
MYR,SC,DTW,MI,117.0
MYR,SC,EWR,NJ,121.0
MYR,SC,FLL,FL,109.0
MYR,SC,ISP,NY,105.0
MYR,SC,LBE,PA,92.0
MYR,SC,LGA,NY,111.0
MYR,SC,MCO,FL,88.0
MYR,SC,MDW,IL,128.0
MYR,SC,MHT,NH,121.0
MYR,SC,ORD,IL,145.0
MYR,SC,PHL,PA,100.0
MYR,SC,PIT,PA,90.0
OAJ,NC,ATL,GA,94.0
OAJ,NC,CLT,NC,81.0
OAK,CA,ABQ,NM,135.0
OAK,CA,AUS,TX,210.0
OAK,CA,BLI,WA,120.0
OAK,CA,BOI,ID,85.0
OAK,CA,BUR,CA,70.0
OAK,CA,DAL,TX,208.0
OAK,CA,DEN,CO,147.0
OAK,CA,DFW,TX,213.0
OAK,CA,EUG,OR,75.0
OAK,CA,EWR,NJ,333.0
OAK,CA,GEG,WA,110.0
OAK,CA,HNL,HI,330.0
OAK,CA,HOU,TX,230.0
OAK,CA,KOA,HI,325.0
OAK,CA,LAS,NV,90.0
OAK,CA,LAX,CA,86.0
OAK,CA,LGB,CA,83.0
OAK,CA,LIH,HI,335.0
OAK,CA,MCI,MO,195.0
OAK,CA,MDW,IL,247.0
OAK,CA,OGG,HI,323.0
OAK,CA,ONT,CA,79.0
OAK,CA,PDX,OR,93.0
OAK,CA,PHX,AZ,118.0
OAK,CA,PSP,CA,85.0
OAK,CA,RNO,NV,58.0
OAK,CA,SAN,CA,91.0
OAK,CA,SBA,CA,70.0
OAK,CA,SEA,WA,120.0
OAK,CA,SLC,UT,103.0
OAK,CA,SNA,CA,88.0
OAK,CA,STL,MO,225.0
OGG,HI,DEN,CO,388.0
OGG,HI,DFW,TX,424.0
OGG,HI,HNL,HI,43.0
OGG,HI,ITO,HI,39.0
OGG,HI,KOA,HI,36.0
OGG,HI,LAS,NV,332.0
OGG,HI,LAX,CA,320.0
OGG,HI,LGB,CA,312.0
OGG,HI,LIH,HI,51.0
OGG,HI,OAK,CA,295.0
OGG,HI,PDX,OR,326.0
OGG,HI,PHX,AZ,350.0
OGG,HI,SAN,CA,318.0
OGG,HI,SEA,WA,337.0
OGG,HI,SFO,CA,293.0
OGG,HI,SJC,CA,294.0
OGG,HI,SMF,CA,300.0
OKC,OK,ATL,GA,128.0
OKC,OK,AUS,TX,78.0
OKC,OK,CLT,NC,156.0
OKC,OK,DCA,VA,171.0
OKC,OK,DEN,CO,104.0
OKC,OK,DFW,TX,65.0
OKC,OK,HOU,TX,85.0
OKC,OK,IAH,TX,90.0
OKC,OK,LAS,NV,150.0
OKC,OK,LAX,CA,185.0
OKC,OK,LGA,NY,206.0
OKC,OK,MDW,IL,115.0
OKC,OK,MIA,FL,182.0
OKC,OK,MSP,MN,135.0
OKC,OK,ORD,IL,134.0
OKC,OK,PHX,AZ,141.0
OKC,OK,SAT,TX,80.0
OKC,OK,SEA,WA,230.0
OKC,OK,SLC,UT,152.0
OKC,OK,STL,MO,85.0
OMA,NE,ATL,GA,135.0
OMA,NE,CLT,NC,152.0
OMA,NE,DAL,TX,105.0
OMA,NE,DCA,VA,152.0
OMA,NE,DEN,CO,97.0
OMA,NE,DFW,TX,114.0
OMA,NE,DTW,MI,119.0
OMA,NE,HOU,TX,135.0
OMA,NE,IAH,TX,138.0
OMA,NE,LAS,NV,165.0
OMA,NE,LAX,CA,212.0
OMA,NE,LGA,NY,177.0
OMA,NE,MCO,FL,175.0
OMA,NE,MDW,IL,84.0
OMA,NE,MSP,MN,78.0
OMA,NE,ORD,IL,100.0
OMA,NE,PHX,AZ,164.0
OMA,NE,SEA,WA,218.0
OMA,NE,SFO,CA,215.0
OMA,NE,SLC,UT,154.0
OMA,NE,STL,MO,70.0
OME,AK,ANC,AK,99.0
OME,AK,OTZ,AK,48.0
ONT,CA,ATL,GA,266.0
ONT,CA,AUS,TX,165.0
ONT,CA,CLT,NC,280.0
ONT,CA,DAL,TX,180.0
ONT,CA,DEN,CO,138.0
ONT,CA,DFW,TX,185.0
ONT,CA,HNL,HI,355.0
ONT,CA,JFK,NY,323.0
ONT,CA,LAS,NV,65.0
ONT,CA,MCO,FL,293.0
ONT,CA,MDW,IL,235.0
ONT,CA,OAK,CA,74.0
ONT,CA,PDX,OR,132.0
ONT,CA,PHX,AZ,76.0
ONT,CA,SEA,WA,156.0
ONT,CA,SFO,CA,83.0
ONT,CA,SJC,CA,67.0
ONT,CA,SLC,UT,107.0
ONT,CA,SMF,CA,76.0
ORD,IL,ABE,PA,120.0
ORD,IL,ABQ,NM,184.0
ORD,IL,ALB,NY,124.0
ORD,IL,ALO,IA,78.0
ORD,IL,ANC,AK,400.0
ORD,IL,ASE,CO,173.0
ORD,IL,ATL,GA,122.0
ORD,IL,ATW,WI,64.0
ORD,IL,AUS,TX,163.0
ORD,IL,AVL,NC,108.0
ORD,IL,AVP,PA,117.0
ORD,IL,AZO,MI,50.0
ORD,IL,BDL,CT,133.0
ORD,IL,BGR,ME,156.0
ORD,IL,BHM,AL,119.0
ORD,IL,BIL,MT,179.0
ORD,IL,BMI,IL,56.0
ORD,IL,BNA,TN,95.0
ORD,IL,BOI,ID,229.0
ORD,IL,BOS,MA,146.0
ORD,IL,BTV,VT,129.0
ORD,IL,BUF,NY,94.0
ORD,IL,BWI,MD,118.0
ORD,IL,BZN,MT,198.0
ORD,IL,CAE,SC,126.0
ORD,IL,CAK,OH,86.0
ORD,IL,CHA,TN,107.0
ORD,IL,CHO,VA,115.0
ORD,IL,CHS,SC,138.0
ORD,IL,CID,IA,72.0
ORD,IL,CLE,OH,82.0
ORD,IL,CLT,NC,120.0
ORD,IL,CMH,OH,81.0
ORD,IL,CMI,IL,56.0
ORD,IL,CMX,MI,95.0
ORD,IL,COS,CO,162.0
ORD,IL,COU,MO,81.0
ORD,IL,CRW,WV,100.0
ORD,IL,CVG,KY,78.0
ORD,IL,CWA,WI,65.0
ORD,IL,DAL,TX,136.0
ORD,IL,DAY,OH,74.0
ORD,IL,DCA,VA,115.0
ORD,IL,DEC,IL,59.0
ORD,IL,DEN,CO,161.0
ORD,IL,DFW,TX,150.0
ORD,IL,DLH,MN,98.0
ORD,IL,DSM,IA,82.0
ORD,IL,DTW,MI,82.0
ORD,IL,ELP,TX,193.0
ORD,IL,EWR,NJ,134.0
ORD,IL,FAI,AK,393.0
ORD,IL,FAR,ND,119.0
ORD,IL,FAT,CA,264.0
ORD,IL,FCA,MT,224.0
ORD,IL,FLL,FL,189.0
ORD,IL,FNT,MI,67.0
ORD,IL,FOD,IA,87.0
ORD,IL,FSD,SD,104.0
ORD,IL,FWA,IN,64.0
ORD,IL,GEG,WA,237.0
ORD,IL,GRB,WI,62.0
ORD,IL,GRR,MI,61.0
ORD,IL,GSO,NC,117.0
ORD,IL,GSP,SC,114.0
ORD,IL,HNL,HI,542.0
ORD,IL,HPN,NY,136.0
ORD,IL,HSV,AL,102.0
ORD,IL,HYS,KS,132.0
ORD,IL,IAD,VA,115.0
ORD,IL,IAH,TX,166.0
ORD,IL,ICT,KS,117.0
ORD,IL,ILM,NC,144.0
ORD,IL,IND,IN,69.0
ORD,IL,JAC,WY,192.0
ORD,IL,JAX,FL,147.0
ORD,IL,JFK,NY,151.0
ORD,IL,JST,PA,102.0
ORD,IL,LAN,MI,62.0
ORD,IL,LAS,NV,232.0
ORD,IL,LAX,CA,263.0
ORD,IL,LEX,KY,82.0
ORD,IL,LGA,NY,136.0
ORD,IL,LIT,AR,114.0
ORD,IL,LNK,NE,104.0
ORD,IL,LSE,WI,75.0
ORD,IL,MBS,MI,70.0
ORD,IL,MCI,MO,94.0
ORD,IL,MCO,FL,167.0
ORD,IL,MDT,PA,113.0
ORD,IL,MEM,TN,107.0
ORD,IL,MHT,NH,144.0
ORD,IL,MIA,FL,188.0
ORD,IL,MKE,WI,52.0
ORD,IL,MLI,IL,60.0
ORD,IL,MQT,MI,78.0
ORD,IL,MSN,WI,58.0
ORD,IL,MSO,MT,217.0
ORD,IL,MSP,MN,92.0
ORD,IL,MSY,LA,142.0
ORD,IL,MTJ,CO,196.0
ORD,IL,MYR,SC,132.0
ORD,IL,OKC,OK,138.0
ORD,IL,OMA,NE,93.0
ORD,IL,ORF,VA,135.0
ORD,IL,PDX,OR,263.0
ORD,IL,PHL,PA,122.0
ORD,IL,PHX,AZ,222.0
ORD,IL,PIA,IL,58.0
ORD,IL,PIT,PA,90.0
ORD,IL,PNS,FL,140.0
ORD,IL,PVD,RI,139.0
ORD,IL,PWM,ME,144.0
ORD,IL,RAP,SD,150.0
ORD,IL,RDU,NC,125.0
ORD,IL,RIC,VA,128.0
ORD,IL,RNO,NV,258.0
ORD,IL,ROA,VA,122.0
ORD,IL,ROC,NY,104.0
ORD,IL,RST,MN,73.0
ORD,IL,RSW,FL,177.0
ORD,IL,SAN,CA,255.0
ORD,IL,SAT,TX,170.0
ORD,IL,SAV,GA,138.0
ORD,IL,SBN,IN,58.0
ORD,IL,SCE,PA,105.0
ORD,IL,SDF,KY,83.0
ORD,IL,SEA,WA,277.0
ORD,IL,SFO,CA,279.0
ORD,IL,SGF,MO,101.0
ORD,IL,SLC,UT,207.0
ORD,IL,SMF,CA,270.0
ORD,IL,SNA,CA,259.0
ORD,IL,SPI,IL,58.0
ORD,IL,SRQ,FL,166.0
ORD,IL,STL,MO,78.0
ORD,IL,SUX,IA,100.0
ORD,IL,SYR,NY,114.0
ORD,IL,TPA,FL,162.0
ORD,IL,TUL,OK,117.0
ORD,IL,TUS,AZ,217.0
ORD,IL,TVC,MI,70.0
ORD,IL,TYS,TN,102.0
ORD,IL,XNA,AR,114.0
ORF,VA,ATL,GA,108.0
ORF,VA,BNA,TN,110.0
ORF,VA,BOS,MA,99.0
ORF,VA,BWI,MD,60.0
ORF,VA,CLT,NC,85.0
ORF,VA,DCA,VA,66.0
ORF,VA,DEN,CO,239.0
ORF,VA,DFW,TX,195.0
ORF,VA,DTW,MI,110.0
ORF,VA,EWR,NJ,94.0
ORF,VA,FLL,FL,132.0
ORF,VA,IAD,VA,62.0
ORF,VA,IAH,TX,181.0
ORF,VA,JFK,NY,92.0
ORF,VA,LGA,NY,93.0
ORF,VA,MCO,FL,128.0
ORF,VA,MDW,IL,125.0
ORF,VA,MIA,FL,141.0
ORF,VA,ORD,IL,138.0
ORF,VA,PHL,PA,70.0
ORH,MA,FLL,FL,196.0
ORH,MA,JFK,NY,72.0
ORH,MA,LGA,NY,77.0
ORH,MA,MCO,FL,187.0
OTH,OR,SFO,CA,89.0
OTZ,AK,ANC,AK,92.0
PAE,WA,ANC,AK,224.0
PAE,WA,LAS,NV,153.0
PAE,WA,LAX,CA,174.0
PAE,WA,PHX,AZ,177.0
PAE,WA,SAN,CA,172.0
PAE,WA,SFO,CA,132.0
PAE,WA,SNA,CA,171.0
PBI,FL,ACY,NJ,146.0
PBI,FL,ATL,GA,109.0
PBI,FL,BDL,CT,173.0
PBI,FL,BOS,MA,194.0
PBI,FL,BWI,MD,144.0
PBI,FL,CLT,NC,115.0
PBI,FL,DCA,VA,142.0
PBI,FL,DFW,TX,184.0
PBI,FL,DTW,MI,178.0
PBI,FL,EWR,NJ,175.0
PBI,FL,HPN,NY,183.0
PBI,FL,ISP,NY,154.0
PBI,FL,JFK,NY,180.0
PBI,FL,LGA,NY,173.0
PBI,FL,PHL,PA,158.0
PBI,FL,PVD,RI,170.0
PDX,OR,ANC,AK,226.0
PDX,OR,ATL,GA,283.0
PDX,OR,AUS,TX,232.0
PDX,OR,BOI,ID,73.0
PDX,OR,BOS,MA,326.0
PDX,OR,BUR,CA,138.0
PDX,OR,CLT,NC,293.0
PDX,OR,DCA,VA,305.0
PDX,OR,DEN,CO,152.0
PDX,OR,DFW,TX,225.0
PDX,OR,DTW,MI,252.0
PDX,OR,EWR,NJ,317.0
PDX,OR,FAT,CA,113.0
PDX,OR,GEG,WA,64.0
PDX,OR,HNL,HI,352.0
PDX,OR,IAD,VA,300.0
PDX,OR,IAH,TX,248.0
PDX,OR,JFK,NY,321.0
PDX,OR,KOA,HI,360.0
PDX,OR,LAS,NV,134.0
PDX,OR,LAX,CA,149.0
PDX,OR,MCI,MO,204.0
PDX,OR,MCO,FL,340.0
PDX,OR,MDW,IL,232.0
PDX,OR,MFR,OR,62.0
PDX,OR,MSP,MN,198.0
PDX,OR,OAK,CA,104.0
PDX,OR,OGG,HI,352.0
PDX,OR,ONT,CA,140.0
PDX,OR,ORD,IL,240.0
PDX,OR,PHX,AZ,162.0
PDX,OR,RNO,NV,90.0
PDX,OR,SAN,CA,154.0
PDX,OR,SBA,CA,133.0
PDX,OR,SEA,WA,63.0
PDX,OR,SFO,CA,110.0
PDX,OR,SJC,CA,106.0
PDX,OR,SLC,UT,111.0
PDX,OR,SMF,CA,90.0
PDX,OR,SNA,CA,150.0
PDX,OR,STS,CA,110.0
PGD,FL,CAK,OH,147.0
PGD,FL,CVG,KY,135.0
PGV,NC,CLT,NC,85.0
PHF,VA,CLT,NC,92.0
PHL,PA,ACK,MA,85.0
PHL,PA,ALB,NY,78.0
PHL,PA,ART,NY,90.0
PHL,PA,ATL,GA,133.0
PHL,PA,AUS,TX,230.0
PHL,PA,AVL,NC,116.0
PHL,PA,BDL,CT,76.0
PHL,PA,BGR,ME,98.0
PHL,PA,BHM,AL,142.0
PHL,PA,BNA,TN,133.0
PHL,PA,BOS,MA,87.0
PHL,PA,BTV,VT,86.0
PHL,PA,BUF,NY,82.0
PHL,PA,CAE,SC,114.0
PHL,PA,CHS,SC,116.0
PHL,PA,CLE,OH,98.0
PHL,PA,CLT,NC,112.0
PHL,PA,CMH,OH,100.0
PHL,PA,CVG,KY,113.0
PHL,PA,DAY,OH,107.0
PHL,PA,DCA,VA,67.0
PHL,PA,DEN,CO,250.0
PHL,PA,DFW,TX,214.0
PHL,PA,DTW,MI,106.0
PHL,PA,EWR,NJ,63.0
PHL,PA,EYW,FL,188.0
PHL,PA,FLL,FL,173.0
PHL,PA,GRR,MI,124.0
PHL,PA,GSO,NC,107.0
PHL,PA,GSP,SC,113.0
PHL,PA,IAH,TX,213.0
PHL,PA,ILM,NC,103.0
PHL,PA,IND,IN,120.0
PHL,PA,JAX,FL,139.0
PHL,PA,LAS,NV,320.0
PHL,PA,LAX,CA,343.0
PHL,PA,LEX,KY,116.0
PHL,PA,MCI,MO,177.0
PHL,PA,MCO,FL,162.0
PHL,PA,MDT,PA,57.0
PHL,PA,MDW,IL,127.0
PHL,PA,MEM,TN,164.0
PHL,PA,MHT,NH,90.0
PHL,PA,MIA,FL,178.0
PHL,PA,MKE,WI,140.0
PHL,PA,MSN,WI,144.0
PHL,PA,MSP,MN,173.0
PHL,PA,MSY,LA,178.0
PHL,PA,MYR,SC,104.0
PHL,PA,ORD,IL,144.0
PHL,PA,ORF,VA,72.0
PHL,PA,PBI,FL,166.0
PHL,PA,PHX,AZ,304.0
PHL,PA,PIT,PA,77.0
PHL,PA,PVD,RI,80.0
PHL,PA,PWM,ME,86.0
PHL,PA,RDU,NC,91.0
PHL,PA,RIC,VA,75.0
PHL,PA,ROC,NY,84.0
PHL,PA,RSW,FL,175.0
PHL,PA,SAN,CA,337.0
PHL,PA,SAV,GA,128.0
PHL,PA,SCE,PA,72.0
PHL,PA,SDF,KY,126.0
PHL,PA,SEA,WA,362.0
PHL,PA,SFO,CA,363.0
PHL,PA,SLC,UT,300.0
PHL,PA,STL,MO,145.0
PHL,PA,SYR,NY,74.0
PHL,PA,TPA,FL,163.0
PHL,PA,TVC,MI,141.0
PHL,PA,TYS,TN,118.0
PHX,AZ,ABQ,NM,73.0
PHX,AZ,ATL,GA,229.0
PHX,AZ,AUS,TX,142.0
PHX,AZ,BFL,CA,88.0
PHX,AZ,BNA,TN,206.0
PHX,AZ,BOI,ID,120.0
PHX,AZ,BOS,MA,304.0
PHX,AZ,BUR,CA,85.0
PHX,AZ,BWI,MD,267.0
PHX,AZ,CID,IA,187.0
PHX,AZ,CLE,OH,243.0
PHX,AZ,CLT,NC,252.0
PHX,AZ,CMH,OH,227.0
PHX,AZ,COS,CO,102.0
PHX,AZ,DAL,TX,145.0
PHX,AZ,DCA,VA,271.0
PHX,AZ,DEN,CO,112.0
PHX,AZ,DFW,TX,152.0
PHX,AZ,DRO,CO,86.0
PHX,AZ,DSM,IA,168.0
PHX,AZ,DTW,MI,234.0
PHX,AZ,ELP,TX,77.0
PHX,AZ,EUG,OR,154.0
PHX,AZ,EWR,NJ,294.0
PHX,AZ,FAT,CA,99.0
PHX,AZ,FLG,AZ,61.0
PHX,AZ,FSD,SD,175.0
PHX,AZ,GEG,WA,158.0
PHX,AZ,GJT,CO,93.0
PHX,AZ,HNL,HI,392.0
PHX,AZ,HOU,TX,155.0
PHX,AZ,IAD,VA,266.0
PHX,AZ,IAH,TX,164.0
PHX,AZ,IND,IN,208.0
PHX,AZ,JFK,NY,301.0
PHX,AZ,KOA,HI,387.0
PHX,AZ,LAS,NV,69.0
PHX,AZ,LAX,CA,87.0
PHX,AZ,LBB,TX,113.0
PHX,AZ,LGB,CA,78.0
PHX,AZ,LIH,HI,405.0
PHX,AZ,MAF,TX,110.0
PHX,AZ,MCI,MO,156.0
PHX,AZ,MCO,FL,259.0
PHX,AZ,MDW,IL,202.0
PHX,AZ,MEM,TN,191.0
PHX,AZ,MFR,OR,145.0
PHX,AZ,MIA,FL,277.0
PHX,AZ,MKE,WI,203.0
PHX,AZ,MRY,CA,116.0
PHX,AZ,MSN,WI,203.0
PHX,AZ,MSP,MN,187.0
PHX,AZ,MSY,LA,188.0
PHX,AZ,OAK,CA,111.0
PHX,AZ,OGG,HI,387.0
PHX,AZ,OKC,OK,136.0
PHX,AZ,OMA,NE,156.0
PHX,AZ,ONT,CA,72.0
PHX,AZ,ORD,IL,216.0
PHX,AZ,PAE,WA,180.0
PHX,AZ,PDX,OR,159.0
PHX,AZ,PHL,PA,282.0
PHX,AZ,PSP,CA,68.0
PHX,AZ,RDM,OR,149.0
PHX,AZ,RDU,NC,263.0
PHX,AZ,RNO,NV,111.0
PHX,AZ,SAF,NM,86.0
PHX,AZ,SAN,CA,70.0
PHX,AZ,SAT,TX,130.0
PHX,AZ,SBA,CA,95.0
PHX,AZ,SBP,CA,104.0
PHX,AZ,SEA,WA,183.0
PHX,AZ,SFO,CA,122.0
PHX,AZ,SGU,UT,79.0
PHX,AZ,SJC,CA,108.0
PHX,AZ,SLC,UT,98.0
PHX,AZ,SMF,CA,115.0
PHX,AZ,SNA,CA,79.0
PHX,AZ,STL,MO,178.0
PHX,AZ,STS,CA,129.0
PHX,AZ,TPA,FL,253.0
PHX,AZ,TUL,OK,144.0
PHX,AZ,TUS,AZ,52.0
PHX,AZ,XNA,AR,170.0
PHX,AZ,YUM,AZ,66.0
PIA,IL,CLT,NC,118.0
PIA,IL,DFW,TX,135.0
PIA,IL,ORD,IL,64.0
PIA,IL,PIE,FL,144.0
PIB,MS,IAH,TX,95.0
PIE,FL,BNA,TN,113.0
PIE,FL,FNT,MI,162.0
PIE,FL,PIA,IL,147.0
PIE,FL,TYS,TN,97.0
PIH,ID,SLC,UT,53.0
PIT,PA,ATL,GA,102.0
PIT,PA,BNA,TN,94.0
PIT,PA,BOS,MA,104.0
PIT,PA,BWI,MD,67.0
PIT,PA,CLT,NC,88.0
PIT,PA,DAL,TX,160.0
PIT,PA,DCA,VA,69.0
PIT,PA,DEN,CO,203.0
PIT,PA,DFW,TX,175.0
PIT,PA,DTW,MI,69.0
PIT,PA,EWR,NJ,95.0
PIT,PA,FLL,FL,154.0
PIT,PA,HOU,TX,190.0
PIT,PA,IAD,VA,68.0
PIT,PA,IAH,TX,182.0
PIT,PA,JFK,NY,108.0
PIT,PA,LAS,NV,274.0
PIT,PA,LAX,CA,300.0
PIT,PA,LGA,NY,91.0
PIT,PA,MCO,FL,137.0
PIT,PA,MDW,IL,83.0
PIT,PA,MIA,FL,164.0
PIT,PA,MSP,MN,140.0
PIT,PA,MYR,SC,88.0
PIT,PA,ORD,IL,101.0
PIT,PA,PHL,PA,70.0
PIT,PA,RDU,NC,79.0
PIT,PA,RSW,FL,150.0
PIT,PA,SEA,WA,321.0
PIT,PA,SFO,CA,323.0
PIT,PA,STL,MO,100.0
PIT,PA,TPA,FL,138.0
PLN,MI,DTW,MI,71.0
PNS,FL,ATL,GA,79.0
PNS,FL,BNA,TN,85.0
PNS,FL,CLT,NC,106.0
PNS,FL,DAL,TX,105.0
PNS,FL,DCA,VA,145.0
PNS,FL,DFW,TX,122.0
PNS,FL,FLL,FL,108.0
PNS,FL,HOU,TX,95.0
PNS,FL,IAH,TX,107.0
PNS,FL,MCI,MO,120.0
PNS,FL,MCO,FL,87.0
PNS,FL,MIA,FL,108.0
PNS,FL,ORD,IL,151.0
PNS,FL,STL,MO,105.0
PQI,ME,EWR,NJ,113.0
PRC,AZ,DEN,CO,114.0
PRC,AZ,LAX,CA,89.0
PSC,WA,DEN,CO,143.0
PSC,WA,MSP,MN,170.0
PSC,WA,SEA,WA,67.0
PSC,WA,SFO,CA,118.0
PSC,WA,SLC,UT,104.0
PSG,AK,JNU,AK,43.0
PSG,AK,WRG,AK,26.0
PSP,CA,DEN,CO,134.0
PSP,CA,DFW,TX,181.0
PSP,CA,LAS,NV,65.0
PSP,CA,OAK,CA,80.0
PSP,CA,PHX,AZ,82.0
PSP,CA,SEA,WA,166.0
PSP,CA,SFO,CA,97.0
PSP,CA,SJC,CA,85.0
PSP,CA,SLC,UT,108.0
PSP,CA,SMF,CA,80.0
PUW,WA,SEA,WA,76.0
PVD,RI,ATL,GA,159.0
PVD,RI,BWI,MD,82.0
PVD,RI,CLT,NC,131.0
PVD,RI,DCA,VA,95.0
PVD,RI,DTW,MI,118.0
PVD,RI,EWR,NJ,93.0
PVD,RI,FLL,FL,192.0
PVD,RI,IAD,VA,98.0
PVD,RI,LGA,NY,66.0
PVD,RI,MCO,FL,178.0
PVD,RI,MDW,IL,148.0
PVD,RI,ORD,IL,162.0
PVD,RI,PBI,FL,187.0
PVD,RI,PHL,PA,78.0
PVD,RI,TPA,FL,180.0
PVU,UT,AZA,AZ,91.0
PWM,ME,ATL,GA,168.0
PWM,ME,BWI,MD,95.0
PWM,ME,CLT,NC,146.0
PWM,ME,DCA,VA,107.0
PWM,ME,DEN,CO,286.0
PWM,ME,DTW,MI,124.0
PWM,ME,EWR,NJ,96.0
PWM,ME,IAD,VA,107.0
PWM,ME,JFK,NY,87.0
PWM,ME,LGA,NY,89.0
PWM,ME,MDW,IL,155.0
PWM,ME,MSP,MN,187.0
PWM,ME,ORD,IL,166.0
PWM,ME,PHL,PA,93.0
RAP,SD,CLT,NC,198.0
RAP,SD,DEN,CO,83.0
RAP,SD,DFW,TX,139.0
RAP,SD,MSP,MN,102.0
RAP,SD,ORD,IL,133.0
RDD,CA,LAX,CA,102.0
RDD,CA,SEA,WA,103.0
RDD,CA,SFO,CA,64.0
RDM,OR,DEN,CO,138.0
RDM,OR,LAX,CA,140.0
RDM,OR,PHX,AZ,151.0
RDM,OR,SAN,CA,139.0
RDM,OR,SEA,WA,74.0
RDM,OR,SFO,CA,101.0
RDM,OR,SLC,UT,105.0
RDU,NC,ATL,GA,89.0
RDU,NC,AUS,TX,185.0
RDU,NC,BDL,CT,111.0
RDU,NC,BNA,TN,97.0
RDU,NC,BOS,MA,124.0
RDU,NC,BUF,NY,103.0
RDU,NC,BWI,MD,67.0
RDU,NC,CLT,NC,65.0
RDU,NC,CVG,KY,92.0
RDU,NC,DAL,TX,160.0
RDU,NC,DCA,VA,77.0
RDU,NC,DEN,CO,226.0
RDU,NC,DFW,TX,181.0
RDU,NC,DTW,MI,105.0
RDU,NC,EWR,NJ,107.0
RDU,NC,FLL,FL,129.0
RDU,NC,IAD,VA,68.0
RDU,NC,IAH,TX,173.0
RDU,NC,IND,IN,108.0
RDU,NC,JFK,NY,110.0
RDU,NC,LAS,NV,286.0
RDU,NC,LAX,CA,316.0
RDU,NC,LGA,NY,103.0
RDU,NC,MCO,FL,108.0
RDU,NC,MDW,IL,116.0
RDU,NC,MIA,FL,128.0
RDU,NC,MSP,MN,164.0
RDU,NC,ORD,IL,136.0
RDU,NC,PHL,PA,87.0
RDU,NC,PHX,AZ,279.0
RDU,NC,PIT,PA,79.0
RDU,NC,SEA,WA,353.0
RDU,NC,SFO,CA,336.0
RDU,NC,SLC,UT,273.0
RDU,NC,STL,MO,125.0
RDU,NC,SYR,NY,105.0
RDU,NC,TPA,FL,110.0
RHI,WI,MSP,MN,61.0
RIC,VA,ATL,GA,101.0
RIC,VA,BOS,MA,104.0
RIC,VA,CLT,NC,79.0
RIC,VA,DEN,CO,234.0
RIC,VA,DFW,TX,189.0
RIC,VA,DTW,MI,105.0
RIC,VA,EWR,NJ,89.0
RIC,VA,FLL,FL,140.0
RIC,VA,IAD,VA,60.0
RIC,VA,IAH,TX,179.0
RIC,VA,JFK,NY,98.0
RIC,VA,LAS,NV,301.0
RIC,VA,LGA,NY,83.0
RIC,VA,MCO,FL,126.0
RIC,VA,MDW,IL,118.0
RIC,VA,MIA,FL,143.0
RIC,VA,MSP,MN,181.0
RIC,VA,ORD,IL,138.0
RIC,VA,PHL,PA,68.0
RIW,WY,DEN,CO,77.0
RKS,WY,DEN,CO,70.0
RNO,NV,AUS,TX,202.0
RNO,NV,BUR,CA,80.0
RNO,NV,DEN,CO,133.0
RNO,NV,DFW,TX,197.0
RNO,NV,JFK,NY,307.0
RNO,NV,LAS,NV,80.0
RNO,NV,LAX,CA,99.0
RNO,NV,LGB,CA,85.0
RNO,NV,MSP,MN,188.0
RNO,NV,OAK,CA,60.0
RNO,NV,ORD,IL,222.0
RNO,NV,PDX,OR,91.0
RNO,NV,PHX,AZ,114.0
RNO,NV,SAN,CA,90.0
RNO,NV,SEA,WA,112.0
RNO,NV,SFO,CA,76.0
RNO,NV,SJC,CA,60.0
RNO,NV,SLC,UT,87.0
ROA,VA,ATL,GA,91.0
ROA,VA,CLT,NC,71.0
ROA,VA,IAD,VA,76.0
ROA,VA,LGA,NY,105.0
ROA,VA,ORD,IL,121.0
ROC,NY,ATL,GA,129.0
ROC,NY,BOS,MA,80.0
ROC,NY,BWI,MD,68.0
ROC,NY,CLT,NC,112.0
ROC,NY,DCA,VA,83.0
ROC,NY,DTW,MI,82.0
ROC,NY,EWR,NJ,84.0
ROC,NY,IAD,VA,79.0
ROC,NY,JFK,NY,89.0
ROC,NY,LGA,NY,81.0
ROC,NY,MCO,FL,173.0
ROC,NY,MDW,IL,105.0
ROC,NY,ORD,IL,119.0
ROC,NY,PHL,PA,79.0
ROW,NM,DFW,TX,101.0
RST,MN,MSP,MN,49.0
RST,MN,ORD,IL,78.0
RSW,FL,ACY,NJ,142.0
RSW,FL,ATL,GA,107.0
RSW,FL,BNA,TN,120.0
RSW,FL,BOS,MA,200.0
RSW,FL,BWI,MD,144.0
RSW,FL,CLE,OH,167.0
RSW,FL,CLT,NC,118.0
RSW,FL,CMH,OH,145.0
RSW,FL,CVG,KY,145.0
RSW,FL,DCA,VA,150.0
RSW,FL,DEN,CO,249.0
RSW,FL,DFW,TX,175.0
RSW,FL,DTW,MI,171.0
RSW,FL,EWR,NJ,178.0
RSW,FL,HPN,NY,183.0
RSW,FL,IAD,VA,146.0
RSW,FL,IAH,TX,146.0
RSW,FL,IND,IN,145.0
RSW,FL,JFK,NY,173.0
RSW,FL,LGA,NY,177.0
RSW,FL,MCO,FL,55.0
RSW,FL,MDW,IL,170.0
RSW,FL,MSP,MN,214.0
RSW,FL,ORD,IL,195.0
RSW,FL,PHL,PA,165.0
RSW,FL,PIT,PA,145.0
RSW,FL,STL,MO,148.0
SAF,NM,DEN,CO,90.0
SAF,NM,DFW,TX,112.0
SAF,NM,PHX,AZ,89.0
SAN,CA,ABQ,NM,110.0
SAN,CA,ATL,GA,272.0
SAN,CA,AUS,TX,177.0
SAN,CA,BNA,TN,245.0
SAN,CA,BOI,ID,129.0
SAN,CA,BOS,MA,344.0
SAN,CA,BWI,MD,302.0
SAN,CA,CLE,OH,270.0
SAN,CA,CLT,NC,294.0
SAN,CA,DAL,TX,182.0
SAN,CA,DEN,CO,147.0
SAN,CA,DFW,TX,192.0
SAN,CA,DTW,MI,265.0
SAN,CA,ELP,TX,110.0
SAN,CA,EUG,OR,140.0
SAN,CA,EWR,NJ,331.0
SAN,CA,FAT,CA,77.0
SAN,CA,FCA,MT,176.0
SAN,CA,FLL,FL,303.0
SAN,CA,GEG,WA,161.0
SAN,CA,HNL,HI,362.0
SAN,CA,HOU,TX,195.0
SAN,CA,IAD,VA,300.0
SAN,CA,IAH,TX,194.0
SAN,CA,JFK,NY,345.0
SAN,CA,KOA,HI,355.0
SAN,CA,LAS,NV,79.0
SAN,CA,LAX,CA,64.0
SAN,CA,LIH,HI,374.0
SAN,CA,MCI,MO,192.0
SAN,CA,MCO,FL,305.0
SAN,CA,MDW,IL,240.0
SAN,CA,MIA,FL,307.0
SAN,CA,MRY,CA,78.0
SAN,CA,MSP,MN,225.0
SAN,CA,OAK,CA,86.0
SAN,CA,OGG,HI,358.0
SAN,CA,ORD,IL,252.0
SAN,CA,PAE,WA,176.0
SAN,CA,PDX,OR,149.0
SAN,CA,PHL,PA,321.0
SAN,CA,PHX,AZ,84.0
SAN,CA,RDM,OR,137.0
SAN,CA,RNO,NV,90.0
SAN,CA,SAT,TX,160.0
SAN,CA,SEA,WA,178.0
SAN,CA,SFO,CA,94.0
SAN,CA,SJC,CA,82.0
SAN,CA,SLC,UT,118.0
SAN,CA,SMF,CA,95.0
SAN,CA,STL,MO,215.0
SAN,CA,STS,CA,106.0
SAN,CA,TUS,AZ,75.0
SAT,TX,ATL,GA,147.0
SAT,TX,BNA,TN,135.0
SAT,TX,BOS,MA,253.0
SAT,TX,BWI,MD,202.0
SAT,TX,CLT,NC,176.0
SAT,TX,DAL,TX,69.0
SAT,TX,DEN,CO,137.0
SAT,TX,DFW,TX,76.0
SAT,TX,DTW,MI,188.0
SAT,TX,ELP,TX,85.0
SAT,TX,EWR,NJ,231.0
SAT,TX,FLL,FL,175.0
SAT,TX,HOU,TX,58.0
SAT,TX,IAD,VA,201.0
SAT,TX,IAH,TX,62.0
SAT,TX,JFK,NY,245.0
SAT,TX,LAS,NV,161.0
SAT,TX,LAX,CA,183.0
SAT,TX,MCI,MO,120.0
SAT,TX,MCO,FL,165.0
SAT,TX,MDW,IL,160.0
SAT,TX,MIA,FL,178.0
SAT,TX,MSP,MN,173.0
SAT,TX,MSY,LA,90.0
SAT,TX,OKC,OK,75.0
SAT,TX,ORD,IL,172.0
SAT,TX,PHX,AZ,136.0
SAT,TX,SAN,CA,160.0
SAT,TX,SEA,WA,258.0
SAT,TX,SFO,CA,216.0
SAT,TX,SLC,UT,172.0
SAT,TX,STL,MO,125.0
SAT,TX,TPA,FL,150.0
SAV,GA,ATL,GA,72.0
SAV,GA,BNA,TN,85.0
SAV,GA,BOS,MA,144.0
SAV,GA,BWI,MD,100.0
SAV,GA,CLT,NC,82.0
SAV,GA,DAL,TX,145.0
SAV,GA,DCA,VA,108.0
SAV,GA,DEN,CO,220.0
SAV,GA,DFW,TX,161.0
SAV,GA,DTW,MI,133.0
SAV,GA,EWR,NJ,131.0
SAV,GA,HOU,TX,145.0
SAV,GA,IAD,VA,105.0
SAV,GA,IAH,TX,150.0
SAV,GA,JFK,NY,137.0
SAV,GA,LGA,NY,129.0
SAV,GA,MDW,IL,130.0
SAV,GA,MIA,FL,94.0
SAV,GA,MSP,MN,179.0
SAV,GA,ORD,IL,151.0
SAV,GA,PHL,PA,117.0
SBA,CA,DEN,CO,148.0
SBA,CA,DFW,TX,199.0
SBA,CA,LAS,NV,73.0
SBA,CA,LAX,CA,58.0
SBA,CA,OAK,CA,65.0
SBA,CA,PDX,OR,126.0
SBA,CA,PHX,AZ,95.0
SBA,CA,SEA,WA,150.0
SBA,CA,SFO,CA,70.0
SBA,CA,SMF,CA,75.0
SBN,IN,ATL,GA,121.0
SBN,IN,CLT,NC,112.0
SBN,IN,DFW,TX,154.0
SBN,IN,MSP,MN,101.0
SBN,IN,ORD,IL,60.0
SBP,CA,DEN,CO,159.0
SBP,CA,DFW,TX,208.0
SBP,CA,LAX,CA,74.0
SBP,CA,PHX,AZ,110.0
SBP,CA,SEA,WA,144.0
SBP,CA,SFO,CA,62.0
SBY,MD,CLT,NC,96.0
SCC,AK,ANC,AK,100.0
SCE,PA,EWR,NJ,69.0
SCE,PA,ORD,IL,119.0
SCE,PA,PHL,PA,55.0
SCK,CA,LAS,NV,75.0
SDF,KY,ATL,GA,84.0
SDF,KY,BOS,MA,147.0
SDF,KY,BWI,MD,92.0
SDF,KY,CLT,NC,97.0
SDF,KY,DCA,VA,99.0
SDF,KY,DEN,CO,172.0
SDF,KY,DFW,TX,136.0
SDF,KY,DTW,MI,87.0
SDF,KY,EWR,NJ,133.0
SDF,KY,FLL,FL,152.0
SDF,KY,HOU,TX,140.0
SDF,KY,IAD,VA,97.0
SDF,KY,IAH,TX,143.0
SDF,KY,LAS,NV,230.0
SDF,KY,LAX,CA,258.0
SDF,KY,LGA,NY,135.0
SDF,KY,MCO,FL,122.0
SDF,KY,MDW,IL,75.0
SDF,KY,MIA,FL,165.0
SDF,KY,MSP,MN,132.0
SDF,KY,ORD,IL,91.0
SDF,KY,PHL,PA,116.0
SDF,KY,TPA,FL,120.0
SEA,WA,ABQ,NM,178.0
SEA,WA,ALW,WA,72.0
SEA,WA,ANC,AK,218.0
SEA,WA,ATL,GA,292.0
SEA,WA,AUS,TX,248.0
SEA,WA,BIL,MT,110.0
SEA,WA,BLI,WA,52.0
SEA,WA,BNA,TN,263.0
SEA,WA,BOI,ID,89.0
SEA,WA,BOS,MA,323.0
SEA,WA,BUR,CA,155.0
SEA,WA,BWI,MD,301.0
SEA,WA,BZN,MT,101.0
SEA,WA,CHS,SC,315.0
SEA,WA,CLE,OH,262.0
SEA,WA,CLT,NC,304.0
SEA,WA,CMH,OH,266.0
SEA,WA,CVG,KY,263.0
SEA,WA,DAL,TX,244.0
SEA,WA,DCA,VA,302.0
SEA,WA,DEN,CO,163.0
SEA,WA,DFW,TX,235.0
SEA,WA,DTW,MI,259.0
SEA,WA,EAT,WA,54.0
SEA,WA,ELP,TX,204.0
SEA,WA,EUG,OR,75.0
SEA,WA,EWR,NJ,320.0
SEA,WA,FAI,AK,227.0
SEA,WA,FAT,CA,133.0
SEA,WA,FCA,MT,81.0
SEA,WA,FLL,FL,365.0
SEA,WA,GEG,WA,65.0
SEA,WA,GTF,MT,103.0
SEA,WA,HLN,MT,95.0
SEA,WA,HNL,HI,370.0
SEA,WA,IAD,VA,299.0
SEA,WA,IAH,TX,258.0
SEA,WA,ICT,KS,205.0
SEA,WA,IDA,ID,103.0
SEA,WA,IND,IN,247.0
SEA,WA,JFK,NY,326.0
SEA,WA,JNU,AK,152.0
SEA,WA,KOA,HI,372.0
SEA,WA,KTN,AK,128.0
SEA,WA,LAS,NV,155.0
SEA,WA,LAX,CA,169.0
SEA,WA,LIH,HI,372.0
SEA,WA,MCI,MO,205.0
SEA,WA,MCO,FL,339.0
SEA,WA,MDW,IL,235.0
SEA,WA,MFR,OR,87.0
SEA,WA,MIA,FL,354.0
SEA,WA,MKE,WI,224.0
SEA,WA,MRY,CA,142.0
SEA,WA,MSO,MT,85.0
SEA,WA,MSP,MN,200.0
SEA,WA,MSY,LA,277.0
SEA,WA,OAK,CA,129.0
SEA,WA,OGG,HI,371.0
SEA,WA,OKC,OK,215.0
SEA,WA,OMA,NE,194.0
SEA,WA,ONT,CA,162.0
SEA,WA,ORD,IL,243.0
SEA,WA,PDX,OR,58.0
SEA,WA,PHL,PA,306.0
SEA,WA,PHX,AZ,177.0
SEA,WA,PIT,PA,272.0
SEA,WA,PSC,WA,61.0
SEA,WA,PSP,CA,169.0
SEA,WA,PUW,WA,70.0
SEA,WA,RDD,CA,97.0
SEA,WA,RDM,OR,72.0
SEA,WA,RDU,NC,302.0
SEA,WA,RNO,NV,110.0
SEA,WA,SAN,CA,173.0
SEA,WA,SAT,TX,244.0
SEA,WA,SBA,CA,155.0
SEA,WA,SBP,CA,147.0
SEA,WA,SFO,CA,135.0
SEA,WA,SIT,AK,145.0
SEA,WA,SJC,CA,135.0
SEA,WA,SLC,UT,124.0
SEA,WA,SMF,CA,114.0
SEA,WA,SNA,CA,171.0
SEA,WA,STL,MO,231.0
SEA,WA,STS,CA,118.0
SEA,WA,SUN,ID,99.0
SEA,WA,TPA,FL,325.0
SEA,WA,TUS,AZ,187.0
SEA,WA,YKM,WA,54.0
SFB,FL,ABE,PA,144.0
SFB,FL,AVL,NC,89.0
SFB,FL,FNT,MI,155.0
SFB,FL,GRR,MI,152.0
SFO,CA,ABQ,NM,147.0
SFO,CA,ACV,CA,82.0
SFO,CA,ANC,AK,286.0
SFO,CA,ASE,CO,147.0
SFO,CA,ATL,GA,289.0
SFO,CA,AUS,TX,220.0
SFO,CA,BFL,CA,73.0
SFO,CA,BIH,CA,91.0
SFO,CA,BNA,TN,269.0
SFO,CA,BOI,ID,100.0
SFO,CA,BOS,MA,345.0
SFO,CA,BUR,CA,74.0
SFO,CA,BWI,MD,321.0
SFO,CA,BZN,MT,134.0
SFO,CA,CLE,OH,286.0
SFO,CA,CLT,NC,304.0
SFO,CA,CMH,OH,284.0
SFO,CA,DAL,TX,220.0
SFO,CA,DCA,VA,316.0
SFO,CA,DEN,CO,154.0
SFO,CA,DFW,TX,216.0
SFO,CA,DTW,MI,276.0
SFO,CA,EUG,OR,98.0
SFO,CA,EWR,NJ,332.0
SFO,CA,FAT,CA,60.0
SFO,CA,FCA,MT,151.0
SFO,CA,FLL,FL,341.0
SFO,CA,GEG,WA,127.0
SFO,CA,HNL,HI,327.0
SFO,CA,IAD,VA,309.0
SFO,CA,IAH,TX,236.0
SFO,CA,IND,IN,262.0
SFO,CA,JAC,WY,124.0
SFO,CA,JFK,NY,348.0
SFO,CA,KOA,HI,320.0
SFO,CA,LAS,NV,98.0
SFO,CA,LAX,CA,95.0
SFO,CA,LIH,HI,336.0
SFO,CA,MCI,MO,211.0
SFO,CA,MCO,FL,334.0
SFO,CA,MDW,IL,243.0
SFO,CA,MFR,OR,85.0
SFO,CA,MIA,FL,346.0
SFO,CA,MRY,CA,51.0
SFO,CA,MSO,MT,139.0
SFO,CA,MSP,MN,219.0
SFO,CA,MSY,LA,263.0
SFO,CA,OGG,HI,325.0
SFO,CA,OMA,NE,193.0
SFO,CA,ONT,CA,84.0
SFO,CA,ORD,IL,257.0
SFO,CA,OTH,OR,102.0
SFO,CA,PAE,WA,121.0
SFO,CA,PDX,OR,105.0
SFO,CA,PHL,PA,324.0
SFO,CA,PHX,AZ,125.0
SFO,CA,PIT,PA,295.0
SFO,CA,PSC,WA,115.0
SFO,CA,PSP,CA,92.0
SFO,CA,RDD,CA,65.0
SFO,CA,RDM,OR,99.0
SFO,CA,RDU,NC,314.0
SFO,CA,RNO,NV,70.0
SFO,CA,SAN,CA,96.0
SFO,CA,SAT,TX,214.0
SFO,CA,SBA,CA,82.0
SFO,CA,SBP,CA,66.0
SFO,CA,SEA,WA,134.0
SFO,CA,SLC,UT,113.0
SFO,CA,SMF,CA,57.0
SFO,CA,SNA,CA,96.0
SFO,CA,SUN,ID,105.0
SFO,CA,TPA,FL,318.0
SFO,CA,TUS,AZ,132.0
SGF,MO,ATL,GA,108.0
SGF,MO,AZA,AZ,159.0
SGF,MO,CLT,NC,128.0
SGF,MO,DEN,CO,132.0
SGF,MO,DFW,TX,89.0
SGF,MO,IAH,TX,118.0
SGF,MO,ORD,IL,104.0
SGU,UT,DEN,CO,109.0
SGU,UT,PHX,AZ,81.0
SGU,UT,SLC,UT,72.0
SHR,WY,DEN,CO,87.0
SHV,LA,ATL,GA,114.0
SHV,LA,CLT,NC,138.0
SHV,LA,DEN,CO,150.0
SHV,LA,DFW,TX,76.0
SHV,LA,IAH,TX,70.0
SIT,AK,JNU,AK,40.0
SIT,AK,KTN,AK,53.0
SIT,AK,SEA,WA,140.0
SJC,CA,ATL,GA,292.0
SJC,CA,AUS,TX,214.0
SJC,CA,BNA,TN,260.0
SJC,CA,BOI,ID,91.0
SJC,CA,BOS,MA,338.0
SJC,CA,BUR,CA,66.0
SJC,CA,DAL,TX,210.0
SJC,CA,DEN,CO,153.0
SJC,CA,DFW,TX,218.0
SJC,CA,EUG,OR,80.0
SJC,CA,GEG,WA,115.0
SJC,CA,HNL,HI,334.0
SJC,CA,HOU,TX,235.0
SJC,CA,IAH,TX,235.0
SJC,CA,JFK,NY,328.0
SJC,CA,KOA,HI,325.0
SJC,CA,LAS,NV,86.0
SJC,CA,LAX,CA,85.0
SJC,CA,LGB,CA,78.0
SJC,CA,LIH,HI,335.0
SJC,CA,MDW,IL,245.0
SJC,CA,MSP,MN,216.0
SJC,CA,OGG,HI,328.0
SJC,CA,ONT,CA,74.0
SJC,CA,PDX,OR,102.0
SJC,CA,PHX,AZ,114.0
SJC,CA,PSP,CA,90.0
SJC,CA,RNO,NV,60.0
SJC,CA,SAN,CA,85.0
SJC,CA,SEA,WA,130.0
SJC,CA,SLC,UT,109.0
SJC,CA,SNA,CA,82.0
SJT,TX,DFW,TX,70.0
SLC,UT,ABQ,NM,104.0
SLC,UT,ATL,GA,225.0
SLC,UT,AUS,TX,170.0
SLC,UT,BIL,MT,84.0
SLC,UT,BNA,TN,199.0
SLC,UT,BOI,ID,73.0
SLC,UT,BOS,MA,281.0
SLC,UT,BTM,MT,79.0
SLC,UT,BUR,CA,122.0
SLC,UT,BWI,MD,251.0
SLC,UT,BZN,MT,79.0
SLC,UT,CDC,UT,67.0
SLC,UT,CLT,NC,244.0
SLC,UT,COS,CO,99.0
SLC,UT,CPR,WY,74.0
SLC,UT,CVG,KY,203.0
SLC,UT,DAL,TX,152.0
SLC,UT,DCA,VA,254.0
SLC,UT,DEN,CO,92.0
SLC,UT,DFW,TX,161.0
SLC,UT,DTW,MI,210.0
SLC,UT,EKO,NV,64.0
SLC,UT,EUG,OR,121.0
SLC,UT,EWR,NJ,271.0
SLC,UT,FAT,CA,109.0
SLC,UT,FCA,MT,106.0
SLC,UT,FLL,FL,282.0
SLC,UT,GEG,WA,105.0
SLC,UT,GTF,MT,95.0
SLC,UT,HLN,MT,88.0
SLC,UT,HNL,HI,400.0
SLC,UT,HOU,TX,185.0
SLC,UT,IAD,VA,241.0
SLC,UT,IAH,TX,184.0
SLC,UT,IDA,ID,63.0
SLC,UT,JAC,WY,65.0
SLC,UT,JFK,NY,288.0
SLC,UT,LAS,NV,86.0
SLC,UT,LAX,CA,119.0
SLC,UT,LGB,CA,119.0
SLC,UT,LWS,ID,102.0
SLC,UT,MCI,MO,143.0
SLC,UT,MCO,FL,268.0
SLC,UT,MDW,IL,180.0
SLC,UT,MEM,TN,184.0
SLC,UT,MFR,OR,116.0
SLC,UT,MIA,FL,283.0
SLC,UT,MKE,WI,179.0
SLC,UT,MSO,MT,94.0
SLC,UT,MSP,MN,150.0
SLC,UT,MSY,LA,201.0
SLC,UT,OAK,CA,114.0
SLC,UT,OKC,OK,144.0
SLC,UT,OMA,NE,140.0
SLC,UT,ONT,CA,110.0
SLC,UT,ORD,IL,191.0
SLC,UT,PDX,OR,113.0
SLC,UT,PHL,PA,257.0
SLC,UT,PHX,AZ,102.0
SLC,UT,PIH,ID,58.0
SLC,UT,PSC,WA,106.0
SLC,UT,PSP,CA,108.0
SLC,UT,RDM,OR,112.0
SLC,UT,RDU,NC,251.0
SLC,UT,RNO,NV,92.0
SLC,UT,SAN,CA,114.0
SLC,UT,SAT,TX,166.0
SLC,UT,SEA,WA,131.0
SLC,UT,SFO,CA,125.0
SLC,UT,SGU,UT,69.0
SLC,UT,SJC,CA,114.0
SLC,UT,SMF,CA,105.0
SLC,UT,SNA,CA,115.0
SLC,UT,STL,MO,172.0
SLC,UT,SUN,ID,64.0
SLC,UT,TPA,FL,252.0
SLC,UT,TUL,OK,153.0
SLC,UT,TUS,AZ,120.0
SLC,UT,TWF,ID,54.0
SLC,UT,WYS,MT,74.0
SLN,KS,HYS,KS,42.0
SLN,KS,ORD,IL,120.0
SMF,CA,ATL,GA,276.0
SMF,CA,AUS,TX,206.0
SMF,CA,BOI,ID,81.0
SMF,CA,BOS,MA,323.0
SMF,CA,BUR,CA,75.0
SMF,CA,CLT,NC,290.0
SMF,CA,DAL,TX,200.0
SMF,CA,DEN,CO,142.0
SMF,CA,DFW,TX,202.0
SMF,CA,EWR,NJ,318.0
SMF,CA,GEG,WA,100.0
SMF,CA,HNL,HI,332.0
SMF,CA,HOU,TX,225.0
SMF,CA,IAD,VA,296.0
SMF,CA,IAH,TX,227.0
SMF,CA,JFK,NY,321.0
SMF,CA,LAS,NV,86.0
SMF,CA,LAX,CA,94.0
SMF,CA,LGB,CA,86.0
SMF,CA,MDW,IL,235.0
SMF,CA,MSP,MN,200.0
SMF,CA,OGG,HI,328.0
SMF,CA,ONT,CA,80.0
SMF,CA,ORD,IL,245.0
SMF,CA,PDX,OR,88.0
SMF,CA,PHX,AZ,115.0
SMF,CA,PSP,CA,90.0
SMF,CA,SAN,CA,92.0
SMF,CA,SBA,CA,70.0
SMF,CA,SEA,WA,118.0
SMF,CA,SFO,CA,69.0
SMF,CA,SLC,UT,96.0
SMF,CA,SNA,CA,88.0
SMF,CA,STL,MO,215.0
SNA,CA,ATL,GA,273.0
SNA,CA,AUS,TX,178.0
SNA,CA,CLT,NC,290.0
SNA,CA,DAL,TX,185.0
SNA,CA,DEN,CO,142.0
SNA,CA,DFW,TX,191.0
SNA,CA,EWR,NJ,323.0
SNA,CA,IAH,TX,199.0
SNA,CA,JFK,NY,334.0
SNA,CA,LAS,NV,72.0
SNA,CA,MSP,MN,220.0
SNA,CA,OAK,CA,82.0
SNA,CA,ORD,IL,251.0
SNA,CA,PAE,WA,160.0
SNA,CA,PDX,OR,148.0
SNA,CA,PHX,AZ,82.0
SNA,CA,SEA,WA,167.0
SNA,CA,SFO,CA,89.0
SNA,CA,SJC,CA,71.0
SNA,CA,SLC,UT,111.0
SNA,CA,SMF,CA,85.0
SNA,CA,STS,CA,94.0
SPI,IL,ORD,IL,66.0
SPS,TX,DFW,TX,60.0
SRQ,FL,ATL,GA,100.0
SRQ,FL,BNA,TN,115.0
SRQ,FL,BWI,MD,142.0
SRQ,FL,CLT,NC,117.0
SRQ,FL,DCA,VA,150.0
SRQ,FL,DFW,TX,166.0
SRQ,FL,EWR,NJ,171.0
SRQ,FL,HOU,TX,130.0
SRQ,FL,JFK,NY,172.0
SRQ,FL,LGA,NY,170.0
SRQ,FL,MDW,IL,160.0
SRQ,FL,ORD,IL,182.0
SRQ,FL,STL,MO,140.0
STL,MO,ATL,GA,95.0
STL,MO,AUS,TX,115.0
STL,MO,BNA,TN,69.0
STL,MO,BOS,MA,156.0
STL,MO,BWI,MD,119.0
STL,MO,CLE,OH,88.0
STL,MO,CLT,NC,111.0
STL,MO,CMH,OH,80.0
STL,MO,DAL,TX,96.0
STL,MO,DCA,VA,121.0
STL,MO,DEN,CO,136.0
STL,MO,DFW,TX,109.0
STL,MO,DSM,IA,65.0
STL,MO,DTW,MI,89.0
STL,MO,ECP,FL,105.0
STL,MO,EWR,NJ,155.0
STL,MO,FLL,FL,160.0
STL,MO,HOU,TX,119.0
STL,MO,IAD,VA,134.0
STL,MO,IAH,TX,130.0
STL,MO,ICT,KS,80.0
STL,MO,JAX,FL,115.0
STL,MO,LAS,NV,202.0
STL,MO,LAX,CA,230.0
STL,MO,LGA,NY,147.0
STL,MO,LGB,CA,220.0
STL,MO,LIT,AR,65.0
STL,MO,MCI,MO,64.0
STL,MO,MCO,FL,144.0
STL,MO,MDW,IL,66.0
STL,MO,MIA,FL,168.0
STL,MO,MKE,WI,70.0
STL,MO,MSP,MN,92.0
STL,MO,MSY,LA,100.0
STL,MO,OAK,CA,250.0
STL,MO,OKC,OK,85.0
STL,MO,OMA,NE,75.0
STL,MO,ORD,IL,82.0
STL,MO,PHL,PA,128.0
STL,MO,PHX,AZ,188.0
STL,MO,PIT,PA,95.0
STL,MO,PNS,FL,100.0
STL,MO,RDU,NC,110.0
STL,MO,RSW,FL,145.0
STL,MO,SAN,CA,218.0
STL,MO,SAT,TX,120.0
STL,MO,SEA,WA,265.0
STL,MO,SLC,UT,190.0
STL,MO,SMF,CA,240.0
STL,MO,SRQ,FL,140.0
STL,MO,TPA,FL,132.0
STL,MO,TUL,OK,75.0
STS,CA,DFW,TX,213.0
STS,CA,LAX,CA,102.0
STS,CA,PDX,OR,93.0
STS,CA,PHX,AZ,135.0
STS,CA,SAN,CA,96.0
STS,CA,SEA,WA,115.0
STS,CA,SNA,CA,91.0
SUN,ID,DEN,CO,115.0
SUN,ID,LAX,CA,153.0
SUN,ID,SEA,WA,105.0
SUN,ID,SFO,CA,137.0
SUN,ID,SLC,UT,63.0
SUX,IA,DEN,CO,117.0
SUX,IA,ORD,IL,104.0
SWO,OK,DFW,TX,70.0
SYR,NY,ATL,GA,137.0
SYR,NY,BOS,MA,70.0
SYR,NY,BWI,MD,75.0
SYR,NY,CLT,NC,120.0
SYR,NY,DCA,VA,84.0
SYR,NY,DEN,CO,228.0
SYR,NY,DFW,TX,207.0
SYR,NY,DTW,MI,91.0
SYR,NY,EWR,NJ,86.0
SYR,NY,IAD,VA,78.0
SYR,NY,JFK,NY,83.0
SYR,NY,LGA,NY,74.0
SYR,NY,MCO,FL,170.0
SYR,NY,ORD,IL,129.0
SYR,NY,PHL,PA,68.0
SYR,NY,RDU,NC,102.0
TLH,FL,ATL,GA,72.0
TLH,FL,CLT,NC,95.0
TLH,FL,DCA,VA,127.0
TLH,FL,DFW,TX,144.0
TLH,FL,MIA,FL,83.0
TPA,FL,ACY,NJ,145.0
TPA,FL,ATL,GA,96.0
TPA,FL,AUS,TX,150.0
TPA,FL,BDL,CT,169.0
TPA,FL,BHM,AL,85.0
TPA,FL,BNA,TN,113.0
TPA,FL,BOS,MA,189.0
TPA,FL,BUF,NY,160.0
TPA,FL,BWI,MD,138.0
TPA,FL,CLE,OH,156.0
TPA,FL,CLT,NC,108.0
TPA,FL,CMH,OH,130.0
TPA,FL,CVG,KY,136.0
TPA,FL,DAL,TX,148.0
TPA,FL,DCA,VA,140.0
TPA,FL,DEN,CO,231.0
TPA,FL,DFW,TX,164.0
TPA,FL,DTW,MI,158.0
TPA,FL,EWR,NJ,167.0
TPA,FL,FLL,FL,66.0
TPA,FL,HOU,TX,135.0
TPA,FL,HPN,NY,180.0
TPA,FL,IAD,VA,139.0
TPA,FL,IAH,TX,142.0
TPA,FL,IND,IN,138.0
TPA,FL,ISP,NY,168.0
TPA,FL,JFK,NY,171.0
TPA,FL,LAS,NV,281.0
TPA,FL,LAX,CA,306.0
TPA,FL,LGA,NY,168.0
TPA,FL,MCI,MO,158.0
TPA,FL,MDW,IL,159.0
TPA,FL,MIA,FL,68.0
TPA,FL,MKE,WI,160.0
TPA,FL,MSP,MN,199.0
TPA,FL,MSY,LA,93.0
TPA,FL,ORD,IL,179.0
TPA,FL,PHL,PA,157.0
TPA,FL,PHX,AZ,258.0
TPA,FL,PIT,PA,138.0
TPA,FL,PVD,RI,170.0
TPA,FL,RDU,NC,110.0
TPA,FL,SAT,TX,150.0
TPA,FL,SDF,KY,125.0
TPA,FL,SEA,WA,358.0
TPA,FL,SFO,CA,329.0
TPA,FL,SLC,UT,274.0
TPA,FL,STL,MO,140.0
TPA,FL,TTN,NJ,168.0
TRI,TN,ATL,GA,74.0
TRI,TN,CLT,NC,63.0
TRI,TN,DFW,TX,154.0
TTN,NJ,ATL,GA,141.0
TTN,NJ,CLT,NC,114.0
TTN,NJ,MCO,FL,163.0
TTN,NJ,TPA,FL,156.0
TUL,OK,ATL,GA,121.0
TUL,OK,AUS,TX,84.0
TUL,OK,CLT,NC,147.0
TUL,OK,DAL,TX,64.0
TUL,OK,DCA,VA,172.0
TUL,OK,DEN,CO,111.0
TUL,OK,DFW,TX,78.0
TUL,OK,HOU,TX,88.0
TUL,OK,IAH,TX,100.0
TUL,OK,LAS,NV,165.0
TUL,OK,LAX,CA,205.0
TUL,OK,LGA,NY,194.0
TUL,OK,MDW,IL,100.0
TUL,OK,ORD,IL,122.0
TUL,OK,PHX,AZ,154.0
TUL,OK,SLC,UT,164.0
TUL,OK,STL,MO,75.0
TUS,AZ,ATL,GA,223.0
TUS,AZ,DEN,CO,117.0
TUS,AZ,DFW,TX,141.0
TUS,AZ,HOU,TX,150.0
TUS,AZ,IAH,TX,150.0
TUS,AZ,LAS,NV,78.0
TUS,AZ,LAX,CA,100.0
TUS,AZ,ORD,IL,212.0
TUS,AZ,PHX,AZ,56.0
TUS,AZ,SAN,CA,75.0
TUS,AZ,SEA,WA,190.0
TUS,AZ,SFO,CA,142.0
TUS,AZ,SLC,UT,112.0
TVC,MI,BOS,MA,126.0
TVC,MI,DEN,CO,172.0
TVC,MI,DFW,TX,166.0
TVC,MI,DTW,MI,66.0
TVC,MI,EWR,NJ,140.0
TVC,MI,LGA,NY,121.0
TVC,MI,MSP,MN,88.0
TVC,MI,ORD,IL,76.0
TVC,MI,PHL,PA,118.0
TWF,ID,SLC,UT,55.0
TXK,AR,DFW,TX,66.0
TYR,TX,DFW,TX,60.0
TYS,TN,ATL,GA,65.0
TYS,TN,CLT,NC,74.0
TYS,TN,DCA,VA,98.0
TYS,TN,DEN,CO,202.0
TYS,TN,DFW,TX,140.0
TYS,TN,DTW,MI,102.0
TYS,TN,FLL,FL,120.0
TYS,TN,IAD,VA,100.0
TYS,TN,IAH,TX,145.0
TYS,TN,LGA,NY,137.0
TYS,TN,MIA,FL,130.0
TYS,TN,ORD,IL,116.0
TYS,TN,PHL,PA,111.0
TYS,TN,PIE,FL,98.0
VCT,TX,IAH,TX,65.0
VEL,UT,DEN,CO,82.0
VLD,GA,ATL,GA,75.0
VPS,FL,ATL,GA,77.0
VPS,FL,AUS,TX,130.0
VPS,FL,BNA,TN,87.0
VPS,FL,BWI,MD,135.0
VPS,FL,CLT,NC,103.0
VPS,FL,CVG,KY,113.0
VPS,FL,DAL,TX,110.0
VPS,FL,DCA,VA,138.0
VPS,FL,DFW,TX,134.0
VPS,FL,HOU,TX,100.0
VPS,FL,MSP,MN,176.0
WRG,AK,KTN,AK,36.0
WRG,AK,PSG,AK,23.0
WYS,MT,SLC,UT,71.0
XNA,AR,ATL,GA,112.0
XNA,AR,CLT,NC,135.0
XNA,AR,DCA,VA,157.0
XNA,AR,DEN,CO,127.0
XNA,AR,DFW,TX,80.0
XNA,AR,IAH,TX,108.0
XNA,AR,LAX,CA,219.0
XNA,AR,LGA,NY,187.0
XNA,AR,MSP,MN,119.0
XNA,AR,ORD,IL,116.0
XNA,AR,PHX,AZ,169.0
XWA,ND,DEN,CO,124.0
XWA,ND,MSP,MN,110.0
YAK,AK,CDV,AK,54.0
YAK,AK,JNU,AK,52.0
YKM,WA,SEA,WA,54.0
YUM,AZ,DFW,TX,172.0
YUM,AZ,PHX,AZ,66.0
